,match,team,goals,GK_passes_succeed,GK_total passes,GK_passes accuracy,GK_total shots,GK_on-target,GK_fouls committed,GK_fouls suffered,GK_distance,GK_distance in poss,GK_distance not in poss,GK_time on opposite half,GK_time on opposite third,GK_time on opposite pen,GK_sprints,GK_avg max speed,GK_low activity,GK_mid activity,GK_high activity,GK_saves,GK_yellow,GK_red,GK_tackles gaining ball,GK_tackles suffered losing ball,DF_passes_succeed,DF_total passes,DF_passes accuracy,DF_total shots,DF_on-target,DF_fouls committed,DF_fouls suffered,DF_distance,DF_distance in poss,DF_distance not in poss,DF_time on opposite half,DF_time on opposite third,DF_time on opposite pen,DF_sprints,DF_avg max speed,DF_low activity,DF_mid activity,DF_high activity,DF_saves,DF_yellow,DF_red,DF_tackles gaining ball,DF_tackles suffered losing ball,MF_passes_succeed,MF_total passes,MF_passes accuracy,MF_total shots,MF_on-target,MF_fouls committed,MF_fouls suffered,MF_distance,MF_distance in poss,MF_distance not in poss,MF_time on opposite half,MF_time on opposite third,MF_time on opposite pen,MF_sprints,MF_avg max speed,MF_low activity,MF_mid activity,MF_high activity,MF_saves,MF_yellow,MF_red,MF_tackles gaining ball,MF_tackles suffered losing ball,FW_passes_succeed,FW_total passes,FW_passes accuracy,FW_total shots,FW_on-target,FW_fouls committed,FW_fouls suffered,FW_distance,FW_distance in poss,FW_distance not in poss,FW_time on opposite half,FW_time on opposite third,FW_time on opposite pen,FW_sprints,FW_avg max speed,FW_low activity,FW_mid activity,FW_high activity,FW_saves,FW_yellow,FW_red,FW_tackles gaining ball,FW_tackles suffered losing ball,result
0,1,MEX,1,31.0,36.0,86.0,0.0,0.0,0.0,0.0,6380.0,2592.0,2237.0,0.0,0.0,0.0,23.0,18.75,95.0,3.0,2.0,0.0,0.0,0.0,0.0,0.0,275.0,329.0,82.16666666666667,3.0,1.0,9.0,10.0,62289.0,26361.0,22973.0,223.0,12.5,1.3333333333333333,720.0,23.02333333333333,78.83333333333333,9.833333333333334,11.333333333333334,0.0,0.0,0.0,0.0,0.0,75.0,94.0,78.5,1.0,0.0,2.0,2.0,17669.0,7917.0,6649.0,125.0,22.0,1.0,284.0,23.65,73.5,11.0,15.5,0.0,0.0,0.0,0.0,0.0,66.0,102.0,63.6,10.0,4.0,2.0,5.0,29850.0,14053.0,9185.0,440.0,56.4,8.2,347.0,20.276,83.6,7.4,9.0,0.0,0.0,0.0,0.0,0.0,0
1,1,RSA,1,12.0,30.0,40.0,0.0,0.0,0.0,0.0,6217.0,1980.0,2445.0,0.0,0.0,0.0,49.0,10.5,94.0,3.0,3.0,0.0,0.0,0.0,0.0,0.0,74.0,104.0,70.8,1.0,1.0,4.0,2.0,41186.0,12983.0,19239.0,51.0,2.4,0.4,501.0,22.490000000000002,83.0,7.0,10.0,0.0,0.0,0.0,0.0,0.0,106.0,176.0,62.0,7.0,3.0,10.0,9.0,59194.0,20111.0,27389.0,192.0,13.0,1.2,951.0,23.492,75.4,9.6,15.0,0.0,0.0,0.0,0.0,0.0,17.0,25.0,67.5,1.0,1.0,3.0,0.0,12256.0,4722.0,4765.0,119.0,24.5,4.0,189.0,23.905,76.5,9.0,14.5,0.0,0.0,0.0,0.0,0.0,0
2,2,FRA,0,13.0,21.0,62.0,0.0,0.0,0.0,1.0,4601.0,1910.0,1604.0,0.0,0.0,0.0,6.0,13.5,98.0,1.0,1.0,0.0,0.0,0.0,0.0,0.0,164.0,229.0,72.75,0.0,0.0,4.0,5.0,37256.0,15282.0,13978.0,114.0,9.75,2.5,381.0,25.2275,83.5,8.25,8.25,0.0,1.0,0.0,1.0,0.0,112.0,157.0,72.25,8.0,2.0,11.0,4.0,31021.0,12867.0,11620.0,245.0,19.5,3.0,288.0,21.8625,80.75,9.5,9.75,0.0,1.0,0.0,0.0,2.0,80.0,124.0,67.0,10.0,1.0,5.0,3.0,28628.0,12762.0,9405.0,428.0,55.2,15.0,328.0,21.06,81.8,7.8,10.4,0.0,1.0,0.0,0.0,0.0,0
3,2,URU,0,15.0,26.0,58.0,0.0,0.0,0.0,0.0,3206.0,1043.0,1190.0,0.0,0.0,0.0,1.0,14.25,98.0,1.0,1.0,0.0,0.0,0.0,0.0,0.0,87.0,132.0,66.25,1.0,1.0,5.0,2.0,36749.0,12067.0,16442.0,43.0,3.75,0.75,308.0,23.355,84.75,7.0,8.25,0.0,2.0,0.0,1.0,0.0,139.0,206.0,54.0,1.0,0.0,5.0,14.0,40496.0,14195.0,17790.0,182.0,9.5,1.1666666666666667,428.0,22.070000000000004,78.83333333333333,9.166666666666666,12.0,0.0,2.0,1.0,1.0,0.0,36.0,70.0,36.666666666666664,5.0,2.0,3.0,4.0,20764.0,7828.0,8193.0,198.0,22.0,2.6666666666666665,189.0,21.383333333333336,83.33333333333333,7.666666666666667,9.0,0.0,0.0,0.0,0.0,1.0,0
4,3,ARG,1,16.0,31.0,52.0,0.0,0.0,0.0,0.0,3173.0,1413.0,1091.0,0.0,0.0,0.0,1.0,14.28,99.0,1.0,0.0,0.0,0.0,0.0,0.0,0.0,110.0,135.0,80.25,3.0,1.0,2.0,0.0,26709.0,11488.0,10235.0,95.0,8.0,3.25,197.0,21.497500000000002,86.0,7.0,7.0,0.0,0.0,0.0,0.0,0.0,186.0,249.0,73.0,3.0,0.0,4.0,2.0,38054.0,16913.0,14504.0,232.0,18.0,1.6,349.0,23.124000000000002,82.4,8.2,9.4,0.0,0.0,0.0,0.0,0.0,134.0,182.0,71.5,14.0,6.0,1.0,6.0,27491.0,13646.0,8912.0,305.0,42.0,9.75,304.0,25.3325,85.5,6.5,8.0,0.0,0.0,0.0,0.0,0.0,1
5,3,NGA,0,13.0,25.0,52.0,0.0,0.0,0.0,0.0,2725.0,956.0,1259.0,0.0,0.0,0.0,2.0,13.98,99.0,1.0,0.0,0.0,0.0,0.0,0.0,0.0,79.0,118.0,69.75,2.0,0.0,2.0,0.0,30377.0,10058.0,14479.0,70.0,5.75,2.25,239.0,22.965,89.5,5.25,5.25,0.0,0.0,0.0,0.0,0.0,84.0,124.0,67.5,4.0,0.0,3.0,1.0,31615.0,10945.0,15541.0,167.0,16.0,1.5,265.0,21.815,82.0,9.25,8.75,0.0,0.0,0.0,0.0,0.0,55.0,100.0,54.4,5.0,1.0,3.0,6.0,28832.0,10933.0,12687.0,305.0,29.4,7.4,231.0,23.786,84.8,7.0,8.2,0.0,0.0,0.0,0.0,0.0,-1
6,4,GRE,0,20.0,30.0,67.0,0.0,0.0,0.0,0.0,5085.0,2083.0,1754.0,0.0,0.0,0.0,8.0,18.73,97.0,2.0,1.0,0.0,0.0,0.0,0.0,0.0,182.0,252.0,73.2,1.0,0.0,3.0,6.0,43949.0,17588.0,19284.0,115.0,6.0,1.2,445.0,23.104,83.0,7.8,9.2,0.0,0.0,0.0,0.0,0.0,88.0,130.0,65.0,1.0,0.0,2.0,4.0,26805.0,10918.0,11769.0,146.0,16.0,1.6666666666666667,226.0,24.776666666666667,79.0,10.333333333333334,10.666666666666666,0.0,0.0,0.0,0.0,0.0,50.0,88.0,58.0,4.0,2.0,7.0,2.0,29773.0,12882.0,12125.0,388.0,42.2,11.8,266.0,23.374000000000002,83.4,7.8,8.8,0.0,0.0,0.0,0.0,0.0,-1
7,4,KOR,2,26.0,36.0,72.0,0.0,0.0,0.0,0.0,4304.0,1838.0,1515.0,0.0,0.0,0.0,13.0,17.93,97.0,2.0,1.0,0.0,0.0,0.0,0.0,0.0,142.0,210.0,67.0,4.0,1.0,1.0,4.0,38911.0,15735.0,16874.0,61.0,3.75,0.5,371.0,23.8175,84.0,8.0,8.0,0.0,0.0,0.0,0.0,0.0,152.0,226.0,65.0,8.0,3.0,9.0,7.0,55726.0,23635.0,23262.0,321.0,17.285714285714285,2.142857142857143,585.0,24.377142857142854,74.57142857142857,11.285714285714286,14.142857142857142,0.0,0.0,0.0,0.0,0.0,13.0,27.0,25.0,6.0,3.0,4.0,0.0,9890.0,4187.0,4003.0,164.0,40.0,7.5,104.0,21.78,76.5,11.0,12.5,0.0,0.0,0.0,0.0,0.0,1
8,5,ENG,1,27.0,39.0,69.0,0.0,0.0,0.0,0.0,4267.0,1413.0,1411.0,0.0,0.0,0.0,6.0,23.41,97.0,2.0,1.0,0.0,0.0,0.0,0.0,0.0,151.0,212.0,72.8,2.0,1.0,5.0,3.0,40584.0,14776.0,14114.0,89.0,5.0,1.4,331.0,22.008000000000003,84.0,7.8,8.2,0.0,0.0,0.0,0.0,0.0,119.0,170.0,77.4,9.0,4.0,4.0,3.0,43378.0,16408.0,14614.0,258.0,21.2,3.0,407.0,22.851999999999997,79.8,9.6,10.6,0.0,0.0,0.0,0.0,0.0,42.0,66.0,68.0,7.0,3.0,3.0,5.0,19925.0,8139.0,5939.0,254.0,46.0,14.333333333333334,205.0,24.006666666666664,81.0,8.0,11.0,0.0,0.0,0.0,0.0,0.0,0
9,5,USA,1,14.0,36.0,39.0,0.0,0.0,0.0,0.0,4658.0,1392.0,1521.0,0.0,0.0,0.0,4.0,12.84,98.0,1.0,1.0,0.0,0.0,0.0,0.0,0.0,87.0,137.0,64.0,3.0,0.0,5.0,5.0,37972.0,11641.0,15795.0,59.0,4.25,1.5,287.0,23.76,85.5,6.75,7.75,0.0,0.0,0.0,0.0,0.0,94.0,156.0,68.0,6.0,2.0,3.0,3.0,45009.0,14744.0,17833.0,225.0,14.0,1.8,391.0,22.080000000000002,79.2,10.2,10.6,0.0,0.0,0.0,0.0,0.0,23.0,47.0,44.666666666666664,4.0,2.0,6.0,2.0,19879.0,7057.0,7207.0,234.0,36.0,6.0,168.0,26.290000000000003,80.0,9.333333333333334,10.666666666666666,0.0,0.0,0.0,0.0,0.0,0
10,6,ALG,0,16.0,32.0,50.0,0.0,0.0,0.0,1.0,2879.0,1205.0,1039.0,0.0,0.0,0.0,13.0,21.63,98.0,1.0,1.0,0.0,0.0,0.0,0.0,0.0,153.0,200.0,76.75,5.0,1.0,6.0,3.0,36987.0,13982.0,15584.0,53.0,4.25,0.75,241.0,21.755,87.5,6.75,5.75,0.0,0.0,0.0,0.0,0.0,169.0,230.0,71.0,4.0,1.0,8.0,4.0,51184.0,20554.0,21455.0,283.0,16.333333333333332,2.0,475.0,21.515,79.83333333333333,10.0,10.166666666666666,0.0,0.0,0.0,0.0,0.0,5.0,17.0,55.666666666666664,2.0,0.0,3.0,2.0,8818.0,3503.0,3808.0,227.0,33.333333333333336,9.666666666666666,126.0,21.093333333333334,80.33333333333333,8.666666666666666,11.0,0.0,0.0,0.0,0.0,0.0,-1
11,6,SVN,1,32.0,38.0,84.0,0.0,0.0,0.0,0.0,3319.0,1305.0,1084.0,0.0,0.0,0.0,6.0,19.8,99.0,1.0,0.0,0.0,0.0,0.0,0.0,0.0,186.0,235.0,79.5,0.0,0.0,4.0,6.0,39352.0,15511.0,16729.0,66.0,2.5,0.0,348.0,20.6875,82.75,8.5,8.75,0.0,0.0,0.0,0.0,0.0,150.0,211.0,65.6,7.0,4.0,4.0,5.0,41947.0,17190.0,17276.0,252.0,13.2,0.6,363.0,20.348000000000003,81.0,9.2,9.8,0.0,0.0,0.0,0.0,0.0,30.0,53.0,62.75,0.0,0.0,2.0,5.0,21657.0,9265.0,8424.0,304.0,40.0,4.75,185.0,21.4525,83.75,7.75,8.5,0.0,0.0,0.0,0.0,0.0,1
12,7,AUS,0,23.0,35.0,66.0,0.0,0.0,0.0,0.0,4186.0,1318.0,1769.0,0.0,0.0,0.0,9.0,16.04,97.0,1.0,2.0,0.0,0.0,0.0,0.0,0.0,174.0,228.0,74.75,2.0,0.0,5.0,3.0,42327.0,14530.0,19615.0,77.0,6.5,1.0,489.0,23.1625,81.75,8.5,9.75,0.0,0.0,0.0,0.0,0.0,142.0,196.0,71.6,2.0,0.0,7.0,1.0,41853.0,15124.0,19308.0,219.0,10.6,0.6,417.0,21.676,73.8,12.4,13.8,0.0,0.0,0.0,0.0,0.0,45.0,71.0,61.25,6.0,2.0,7.0,3.0,25227.0,9743.0,10873.0,288.0,31.5,5.75,298.0,20.9075,75.25,11.25,13.5,0.0,0.0,0.0,0.0,0.0,-1
13,7,GER,4,24.0,33.0,73.0,0.0,0.0,0.0,1.0,5230.0,2200.0,1705.0,0.0,0.0,0.0,2.0,15.26,97.0,2.0,1.0,0.0,0.0,0.0,0.0,0.0,250.0,282.0,89.25,0.0,0.0,2.0,5.0,38380.0,15514.0,15125.0,50.0,2.0,0.0,273.0,20.669999999999998,85.75,7.5,6.75,0.0,0.0,0.0,0.0,0.0,162.0,225.0,67.4,7.0,4.0,6.0,8.0,45819.0,20401.0,16456.0,261.0,16.0,1.8,520.0,21.248,76.8,10.8,12.4,0.0,0.0,0.0,0.0,0.0,36.0,76.0,40.0,9.0,6.0,2.0,4.0,22748.0,10203.0,7871.0,290.0,28.5,7.5,248.0,23.855,80.25,9.0,10.75,0.0,0.0,0.0,0.0,0.0,1
14,8,GHA,1,18.0,29.0,62.0,0.0,0.0,0.0,0.0,3250.0,1247.0,1245.0,0.0,0.0,0.0,8.0,16.29,98.0,1.0,1.0,0.0,0.0,0.0,0.0,0.0,133.0,173.0,72.0,1.0,0.0,3.0,1.0,35818.0,12991.0,17073.0,65.0,3.2,1.0,395.0,22.308,85.0,6.6,8.4,0.0,0.0,0.0,0.0,0.0,117.0,154.0,77.25,5.0,0.0,5.0,2.0,30006.0,11868.0,13233.0,213.0,18.25,2.75,276.0,23.12,83.0,8.5,8.5,0.0,0.0,0.0,0.0,0.0,71.0,110.0,46.5,10.0,3.0,7.0,5.0,28618.0,11102.0,12770.0,232.0,21.25,4.75,258.0,20.255,81.5,8.5,10.0,0.0,0.0,0.0,0.0,0.0,1
15,8,SRB,0,29.0,38.0,76.0,0.0,0.0,0.0,0.0,5530.0,2493.0,1809.0,0.0,0.0,0.0,6.0,19.88,98.0,1.0,1.0,0.0,0.0,0.0,0.0,0.0,144.0,192.0,72.2,4.0,0.0,3.0,7.0,32763.0,13677.0,13646.0,76.0,3.8,0.4,256.0,20.668,87.0,6.4,6.6,0.0,0.0,0.0,0.0,0.0,118.0,169.0,68.6,6.0,2.0,4.0,5.0,38576.0,17291.0,14923.0,234.0,15.2,2.2,332.0,21.43,80.6,10.0,9.4,0.0,0.0,0.0,0.0,0.0,34.0,55.0,60.666666666666664,3.0,0.0,3.0,3.0,17281.0,7913.0,6555.0,232.0,35.333333333333336,6.333333333333333,170.0,21.290000000000003,86.33333333333333,6.333333333333333,7.333333333333333,0.0,0.0,0.0,0.0,0.0,-1
16,9,DEN,0,23.0,35.0,66.0,0.0,0.0,0.0,0.0,4045.0,1225.0,1526.0,0.0,0.0,0.0,5.0,16.4,98.0,1.0,1.0,0.0,0.0,0.0,0.0,0.0,120.0,166.0,73.0,3.0,1.0,5.0,5.0,37126.0,11835.0,16605.0,64.0,3.5,0.75,268.0,24.45,86.0,7.5,6.5,0.0,1.0,0.0,2.0,0.0,77.0,118.0,54.6,3.0,1.0,14.0,1.0,39717.0,13579.0,17833.0,233.0,14.4,2.0,311.0,21.714,78.6,11.4,10.0,0.0,0.0,0.0,3.0,1.0,32.0,55.0,61.25,4.0,1.0,1.0,3.0,20968.0,7371.0,8396.0,285.0,26.75,4.5,188.0,24.0525,87.0,6.25,6.75,0.0,0.0,0.0,0.0,0.0,-1
17,9,NED,1,29.0,43.0,67.0,0.0,0.0,0.0,0.0,3668.0,1533.0,1052.0,0.0,0.0,0.0,2.0,12.3,98.0,1.0,1.0,0.0,0.0,0.0,0.0,0.0,190.0,219.0,86.5,0.0,0.0,5.0,1.0,36898.0,15151.0,12538.0,63.0,4.0,0.75,287.0,23.79,85.5,7.5,7.0,0.0,0.0,0.0,0.0,1.0,189.0,235.0,78.5,12.0,4.0,3.0,16.0,38277.0,16181.0,13479.0,334.0,13.666666666666666,1.8333333333333333,328.0,22.518333333333334,82.0,9.166666666666666,8.833333333333334,0.0,1.0,0.0,1.0,2.0,52.0,79.0,69.66666666666667,6.0,3.0,5.0,2.0,21019.0,8912.0,6848.0,217.0,35.666666666666664,3.6666666666666665,235.0,22.330000000000002,83.33333333333333,8.333333333333334,8.333333333333334,0.0,1.0,0.0,0.0,2.0,1
18,10,CMR,0,31.0,47.0,66.0,0.0,0.0,0.0,0.0,4579.0,1828.0,1494.0,2.0,1.0,0.0,16.0,19.38,97.0,2.0,1.0,0.0,0.0,0.0,0.0,0.0,158.0,215.0,75.2,1.0,1.0,9.0,6.0,40255.0,15824.0,13719.0,166.0,13.6,1.4,316.0,22.062,83.4,8.4,8.2,0.0,1.0,0.0,0.0,0.0,95.0,122.0,78.0,1.0,1.0,7.0,3.0,25704.0,10426.0,8912.0,139.0,12.666666666666666,1.6666666666666667,182.0,22.073333333333334,82.33333333333333,9.0,8.666666666666666,0.0,0.0,0.0,0.0,0.0,57.0,97.0,55.4,9.0,2.0,13.0,9.0,32420.0,13713.0,9771.0,386.0,43.8,10.4,268.0,25.354,84.2,7.8,8.0,0.0,0.0,0.0,0.0,0.0,-1
19,10,JPN,1,14.0,30.0,47.0,0.0,0.0,0.0,0.0,4172.0,1325.0,1484.0,0.0,0.0,0.0,4.0,14.48,99.0,1.0,0.0,0.0,0.0,0.0,0.0,0.0,89.0,146.0,59.25,0.0,0.0,7.0,10.0,39371.0,11683.0,16573.0,48.0,2.75,0.0,280.0,26.6125,84.75,7.75,7.5,0.0,0.0,0.0,0.0,0.0,119.0,190.0,52.0,4.0,4.0,12.0,12.0,51862.0,16448.0,22091.0,250.0,15.333333333333334,1.0,500.0,23.91,79.83333333333333,9.333333333333334,10.833333333333334,0.0,1.0,0.0,0.0,0.0,8.0,23.0,38.0,1.0,1.0,1.0,7.0,14535.0,4858.0,6035.0,146.0,23.0,4.333333333333333,187.0,25.666666666666668,75.33333333333333,10.333333333333334,14.333333333333334,0.0,0.0,0.0,0.0,0.0,1
20,11,ITA,1,23.0,26.0,88.0,0.0,0.0,0.0,0.0,4012.0,1371.0,1284.0,0.0,0.0,0.0,4.0,13.465,98.5,1.0,0.5,0.0,0.0,0.0,0.0,0.0,178.0,250.0,71.25,1.0,0.0,6.0,5.0,38531.0,14928.0,15454.0,90.0,6.75,1.5,376.0,22.0775,82.5,7.75,9.75,0.0,0.0,0.0,0.0,0.0,186.0,280.0,64.2,7.0,5.0,6.0,6.0,44234.0,18567.0,16504.0,289.0,24.2,4.2,479.0,21.228,76.6,10.6,12.8,0.0,0.0,0.0,0.0,0.0,40.0,55.0,70.0,2.0,0.0,3.0,4.0,20753.0,9122.0,7150.0,249.0,44.0,14.666666666666666,247.0,22.796666666666667,81.0,8.0,11.0,0.0,0.0,0.0,0.0,0.0,0
21,11,PAR,1,23.0,37.0,62.0,0.0,0.0,0.0,0.0,4446.0,1575.0,1622.0,0.0,0.0,0.0,3.0,23.29,98.0,1.0,1.0,0.0,0.0,0.0,0.0,0.0,116.0,176.0,66.5,2.0,1.0,3.0,4.0,36749.0,12788.0,16062.0,79.0,5.0,0.75,366.0,22.8425,81.5,8.75,9.75,0.0,0.0,0.0,0.0,0.0,130.0,202.0,63.4,4.0,0.0,7.0,5.0,47293.0,16785.0,21106.0,182.0,10.0,0.8,558.0,24.06,78.0,9.8,12.2,0.0,0.0,0.0,0.0,0.0,31.0,60.0,46.0,2.0,0.0,5.0,4.0,20127.0,7891.0,7726.0,284.0,29.25,6.25,213.0,20.8925,83.5,7.5,9.0,0.0,0.0,0.0,0.0,0.0,0
22,12,NZL,1,18.0,35.0,51.0,0.0,0.0,0.0,0.0,4169.0,1704.0,1247.0,0.0,0.0,0.0,14.0,18.01,98.0,1.0,1.0,0.0,0.0,0.0,0.0,0.0,155.0,215.0,70.8,1.0,1.0,4.0,6.0,48302.0,17740.0,19161.0,104.0,5.2,1.2,419.0,24.884,83.2,8.6,8.2,0.0,0.0,0.0,0.0,0.0,73.0,106.0,67.0,0.0,0.0,1.0,4.0,23733.0,8820.0,8962.0,140.0,13.0,0.0,256.0,24.213333333333335,79.0,10.333333333333334,10.666666666666666,0.0,0.0,0.0,0.0,0.0,40.0,65.0,69.5,7.0,1.0,12.0,4.0,31298.0,12247.0,11165.0,310.0,37.0,8.0,267.0,21.945,82.0,8.5,9.5,0.0,0.0,0.0,0.0,0.0,0
23,12,SVK,1,16.0,24.0,67.0,0.0,0.0,0.0,0.0,3911.0,1372.0,1353.0,0.0,0.0,0.0,9.0,14.82,99.0,1.0,0.0,0.0,0.0,0.0,0.0,0.0,145.0,217.0,67.0,0.0,0.0,3.0,7.0,39129.0,14048.0,15011.0,61.0,6.0,2.0,232.0,20.745,84.75,8.0,7.25,0.0,0.0,0.0,0.0,0.0,65.0,112.0,44.8,5.0,2.0,5.0,5.0,32863.0,11874.0,12966.0,198.0,10.0,1.0,261.0,21.84,79.8,9.4,10.8,0.0,0.0,0.0,0.0,0.0,22.0,54.0,41.0,8.0,1.0,7.0,5.0,29858.0,10967.0,11040.0,288.0,26.75,7.0,315.0,21.8425,81.5,8.5,10.0,0.0,0.0,0.0,0.0,0.0,0
24,13,CIV,0,13.0,21.0,62.0,0.0,0.0,0.0,0.0,2695.0,1221.0,921.0,0.0,0.0,0.0,2.0,10.45,99.0,1.0,0.0,0.0,0.0,0.0,0.0,0.0,123.0,164.0,75.75,1.0,0.0,5.0,4.0,40004.0,16186.0,18050.0,113.0,10.75,1.5,389.0,22.3475,83.0,8.5,8.5,0.0,0.0,0.0,0.0,0.0,145.0,176.0,70.75,2.0,0.0,7.0,2.0,31242.0,12851.0,14266.0,139.0,15.25,3.75,276.0,20.5625,80.0,9.5,10.5,0.0,0.0,0.0,0.0,0.0,69.0,97.0,69.6,2.0,1.0,6.0,6.0,31184.0,14098.0,12879.0,313.0,30.0,8.8,369.0,21.413999999999998,80.6,8.6,10.8,0.0,0.0,0.0,0.0,0.0,0
25,13,POR,0,24.0,30.0,80.0,0.0,0.0,0.0,0.0,4469.0,1868.0,1757.0,0.0,0.0,0.0,4.0,16.55,97.0,2.0,1.0,0.0,0.0,0.0,0.0,0.0,209.0,244.0,86.0,0.0,0.0,7.0,2.0,38427.0,15835.0,17431.0,76.0,5.5,1.25,332.0,21.505,83.25,8.75,8.0,0.0,0.0,0.0,0.0,0.0,132.0,169.0,80.0,3.0,0.0,3.0,5.0,34410.0,15062.0,15098.0,225.0,17.2,1.8,295.0,20.772,76.2,11.4,12.4,0.0,0.0,0.0,0.0,0.0,65.0,100.0,65.0,4.0,2.0,3.0,9.0,32457.0,15160.0,12969.0,273.0,31.25,5.75,339.0,21.6575,77.25,10.5,12.25,0.0,0.0,0.0,0.0,0.0,0
26,14,BRA,2,13.0,15.0,87.0,0.0,0.0,0.0,0.0,4400.0,1880.0,1270.0,0.0,0.0,0.0,0.0,16.58,98.0,2.0,0.0,0.0,0.0,0.0,0.0,0.0,286.0,339.0,83.2,8.0,3.0,1.0,3.0,39201.0,18324.0,14347.0,192.0,14.4,1.6,357.0,24.66,82.0,8.2,9.8,0.0,0.0,0.0,1.0,2.0,226.0,265.0,86.4,9.0,4.0,2.0,3.0,39191.0,20511.0,12771.0,294.0,25.6,3.8,329.0,25.084,78.4,10.4,11.2,0.0,1.0,0.0,0.0,2.0,70.0,96.0,60.0,9.0,3.0,6.0,3.0,20612.0,11624.0,6381.0,243.0,47.666666666666664,13.666666666666666,210.0,23.113333333333333,81.66666666666667,8.333333333333334,10.0,0.0,0.0,0.0,0.0,2.0,1
27,14,PRK,1,15.0,31.0,48.0,0.0,0.0,0.0,0.0,3015.0,1222.0,1114.0,0.0,0.0,0.0,5.0,21.39,98.0,1.0,1.0,0.0,0.0,0.0,0.0,0.0,104.0,146.0,72.8,5.0,1.0,6.0,5.0,47118.0,14594.0,26112.0,54.0,2.6,0.2,375.0,21.574,84.8,7.8,7.4,0.0,0.0,0.0,3.0,0.0,80.0,119.0,65.0,2.0,1.0,1.0,3.0,33594.0,10941.0,18315.0,149.0,15.5,4.25,275.0,22.475,75.0,12.75,12.25,0.0,0.0,0.0,3.0,1.0,40.0,66.0,61.0,4.0,1.0,3.0,1.0,20002.0,7283.0,9742.0,113.0,21.5,3.0,169.0,22.735,81.5,9.0,9.5,0.0,0.0,0.0,0.0,0.0,-1
28,15,CHI,1,25.0,32.0,78.0,0.0,0.0,0.0,0.0,5353.0,2063.0,1529.0,0.0,0.0,0.0,15.0,19.15,97.0,2.0,1.0,0.0,0.0,0.0,0.0,0.0,127.0,165.0,70.2,5.0,2.0,4.0,2.0,30224.0,12604.0,9860.0,92.0,5.8,0.8,290.0,20.018,83.2,7.4,9.4,0.0,0.0,0.0,1.0,0.0,185.0,249.0,74.4,7.0,2.0,12.0,6.0,35295.0,16093.0,11352.0,262.0,21.4,4.0,355.0,21.363999999999997,80.0,8.8,11.2,0.0,2.0,0.0,0.0,3.0,46.0,80.0,56.666666666666664,8.0,1.0,5.0,7.0,15850.0,7284.0,4855.0,207.0,35.0,4.666666666666667,133.0,21.27333333333333,81.66666666666667,7.333333333333333,11.0,0.0,0.0,0.0,0.0,0.0,1
29,15,HON,0,18.0,32.0,56.0,0.0,0.0,0.0,0.0,4378.0,1329.0,1881.0,0.0,0.0,0.0,15.0,21.11,98.0,1.0,1.0,0.0,0.0,0.0,0.0,0.0,78.0,140.0,54.75,0.0,0.0,2.0,7.0,36077.0,10703.0,17139.0,46.0,2.75,0.0,293.0,23.83,85.25,7.25,7.5,0.0,0.0,0.0,2.0,1.0,68.0,116.0,61.2,4.0,2.0,6.0,9.0,39406.0,12113.0,18182.0,225.0,11.8,0.4,425.0,23.396,79.8,9.4,10.8,0.0,1.0,0.0,0.0,0.0,37.0,59.0,54.5,3.0,0.0,7.0,4.0,20693.0,6439.0,8666.0,296.0,36.5,5.75,218.0,21.675,82.25,8.5,9.25,0.0,0.0,0.0,1.0,0.0,-1
30,16,ESP,0,16.0,19.0,84.0,0.0,0.0,0.0,0.0,4256.0,1641.0,1284.0,0.0,0.0,0.0,29.0,12.87,97.0,1.0,2.0,0.0,0.0,0.0,0.0,0.0,227.0,272.0,84.5,4.0,2.0,4.0,4.0,38682.0,18581.0,10715.0,156.0,13.5,2.75,528.0,20.3475,81.0,7.75,11.25,0.0,0.0,0.0,0.0,0.0,250.0,327.0,75.6,11.0,4.0,4.0,13.0,45194.0,23509.0,11475.0,352.0,31.4,4.2,554.0,20.764000000000003,76.4,10.6,13.0,0.0,0.0,0.0,1.0,2.0,34.0,65.0,41.75,9.0,2.0,0.0,2.0,16136.0,8080.0,4107.0,356.0,48.75,11.0,212.0,17.25,77.25,8.25,14.5,0.0,0.0,0.0,0.0,0.0,-1
31,16,SUI,1,19.0,36.0,53.0,0.0,0.0,0.0,0.0,7625.0,1917.0,3659.0,0.0,0.0,0.0,76.0,18.73,91.0,3.0,6.0,0.0,1.0,0.0,0.0,0.0,60.0,107.0,49.5,1.0,1.0,8.0,3.0,43647.0,10362.0,24156.0,26.0,0.6666666666666666,0.0,569.0,20.18166666666667,79.16666666666667,8.666666666666666,12.166666666666666,0.0,2.0,0.0,1.0,0.0,72.0,118.0,64.2,4.0,1.0,10.0,3.0,49258.0,11845.0,27150.0,126.0,5.6,0.6,580.0,20.009999999999998,74.6,10.6,14.8,0.0,1.0,0.0,1.0,0.0,31.0,57.0,54.0,3.0,1.0,3.0,1.0,19383.0,5128.0,9690.0,103.0,11.0,1.0,259.0,22.225,81.0,8.5,10.5,0.0,0.0,0.0,0.0,1.0,1
32,17,RSA,0,16.0,30.0,26.5,0.0,0.0,1.0,0.0,3640.0,1515.0,1458.0,0.0,0.0,0.0,16.0,15.365,97.5,1.0,1.5,0.0,0.0,0.0,0.0,0.0,145.0,194.0,76.25,1.0,0.0,6.0,0.0,34435.0,14836.0,14648.0,74.0,5.75,0.5,296.0,21.1025,85.75,6.75,7.5,0.0,0.0,0.0,0.0,0.0,249.0,296.0,84.66666666666667,6.0,2.0,7.0,8.0,48642.0,22269.0,19713.0,291.0,16.5,2.6666666666666665,523.0,20.665,79.16666666666667,9.333333333333334,11.5,0.0,0.0,0.0,0.0,0.0,13.0,19.0,68.0,3.0,1.0,0.0,1.0,8834.0,4221.0,3378.0,81.0,39.0,7.0,80.0,21.3,86.0,7.0,7.0,0.0,0.0,0.0,0.0,0.0,-1
33,17,URU,3,11.0,19.0,58.0,0.0,0.0,0.0,0.0,3289.0,1343.0,1050.0,0.0,0.0,0.0,5.0,18.51,99.0,1.0,0.0,0.0,0.0,0.0,0.0,0.0,120.0,152.0,79.0,2.0,0.0,2.0,2.0,35216.0,13156.0,16309.0,78.0,8.0,3.5,346.0,20.21,84.75,7.5,7.75,0.0,0.0,0.0,0.0,0.0,87.0,118.0,51.8,3.0,1.0,5.0,1.0,33142.0,12137.0,15650.0,203.0,14.2,1.8,341.0,20.052,82.0,8.6,9.4,0.0,0.0,0.0,0.0,0.0,72.0,112.0,48.25,14.0,5.0,3.0,10.0,29500.0,12438.0,12544.0,289.0,40.25,8.75,360.0,22.655,80.0,9.75,10.25,0.0,0.0,0.0,0.0,0.0,1
34,18,FRA,0,19.0,30.0,63.0,0.0,0.0,0.0,0.0,4345.0,1587.0,1697.0,0.0,0.0,0.0,8.0,18.78,98.0,1.0,1.0,0.0,0.0,0.0,0.0,0.0,140.0,194.0,73.25,0.0,0.0,8.0,8.0,37649.0,13304.0,15059.0,114.0,9.0,2.0,370.0,23.38,83.25,8.0,8.75,0.0,1.0,0.0,0.0,0.0,97.0,148.0,65.66666666666667,2.0,1.0,8.0,8.0,29672.0,11462.0,11395.0,180.0,23.0,3.6666666666666665,297.0,24.816666666666666,82.66666666666667,8.0,9.333333333333334,0.0,1.0,0.0,2.0,1.0,66.0,104.0,67.0,11.0,3.0,7.0,7.0,30226.0,12419.0,10955.0,407.0,43.6,8.6,349.0,21.614,81.0,8.8,10.2,0.0,0.0,0.0,0.0,2.0,-1
35,18,MEX,2,19.0,29.0,66.0,0.0,0.0,0.0,1.0,5644.0,1969.0,1982.0,0.0,0.0,0.0,6.0,15.88,97.0,2.0,1.0,0.0,0.0,0.0,0.0,0.0,162.0,247.0,65.83333333333333,3.0,2.0,13.0,12.0,56407.0,20478.0,23018.0,99.0,3.6666666666666665,0.0,582.0,22.816666666666666,81.33333333333333,8.833333333333334,9.833333333333334,0.0,3.0,0.0,1.0,1.0,47.0,59.0,80.0,1.0,0.0,3.0,0.0,11611.0,4262.0,4876.0,27.0,4.0,0.0,156.0,23.82,76.0,11.0,13.0,0.0,0.0,0.0,1.0,0.0,58.0,98.0,59.5,8.0,3.0,9.0,9.0,35209.0,13317.0,12439.0,379.0,24.0,3.3333333333333335,411.0,21.793333333333333,81.33333333333333,8.166666666666666,10.5,0.0,1.0,0.0,1.0,1.0,1
36,19,GRE,2,20.0,25.0,80.0,0.0,0.0,0.0,0.0,4673.0,1754.0,1234.0,0.0,0.0,0.0,6.0,19.57,97.0,1.0,2.0,0.0,0.0,0.0,0.0,0.0,126.0,165.0,74.6,6.0,2.0,8.0,5.0,37240.0,13212.0,12692.0,136.0,11.0,3.8,266.0,24.85,86.6,6.6,6.8,0.0,0.0,0.0,0.0,0.0,163.0,207.0,77.75,13.0,4.0,2.0,7.0,31801.0,12394.0,10561.0,220.0,22.75,1.25,255.0,25.82,78.75,9.5,11.75,0.0,0.0,0.0,0.0,0.0,43.0,58.0,76.33333333333333,8.0,5.0,3.0,3.0,23078.0,9357.0,6845.0,234.0,50.0,15.0,255.0,24.673333333333332,85.0,6.666666666666667,8.333333333333334,0.0,0.0,0.0,0.0,0.0,1
37,19,NGA,1,21.0,34.0,62.0,0.0,0.0,0.0,0.0,2907.0,781.0,1205.0,0.0,0.0,0.0,7.0,20.81,98.0,1.0,1.0,0.0,0.0,0.0,0.0,0.0,101.0,152.0,64.83333333333333,2.0,1.0,4.0,2.0,32065.0,9604.0,13237.0,79.0,4.0,1.1666666666666667,215.0,21.426666666666666,87.33333333333333,6.5,6.166666666666667,0.0,0.0,0.0,0.0,0.0,110.0,134.0,82.0,5.0,2.0,5.0,7.0,32283.0,10592.0,13585.0,154.0,10.75,0.25,213.0,21.015,81.75,9.25,9.0,0.0,0.0,0.0,0.0,0.0,34.0,52.0,65.0,3.0,1.0,6.0,4.0,18540.0,6308.0,7048.0,180.0,28.0,6.333333333333333,138.0,24.673333333333336,85.0,7.0,8.0,0.0,0.0,0.0,0.0,0.0,-1
38,20,ARG,3,9.0,23.0,39.0,0.0,0.0,0.0,0.0,3269.0,1286.0,1146.0,0.0,0.0,0.0,2.0,16.47,98.0,1.0,1.0,0.0,0.0,0.0,0.0,0.0,124.0,150.0,82.0,1.0,0.0,2.0,5.0,26909.0,10558.0,10255.0,69.0,8.25,4.75,189.0,23.8325,86.75,6.75,6.5,0.0,0.0,0.0,0.0,0.0,150.0,198.0,76.2,3.0,1.0,10.0,5.0,40664.0,16451.0,15612.0,189.0,14.2,1.2,379.0,21.846,81.4,9.2,9.4,0.0,0.0,0.0,0.0,0.0,77.0,113.0,72.5,18.0,10.0,7.0,8.0,26299.0,11501.0,8929.0,287.0,36.5,8.25,285.0,24.6425,86.25,6.0,7.75,0.0,0.0,0.0,0.0,0.0,1
39,20,KOR,1,13.0,23.0,57.0,0.0,0.0,0.0,0.0,4067.0,1555.0,1378.0,0.0,0.0,0.0,4.0,15.38,98.0,1.0,1.0,0.0,0.0,0.0,0.0,0.0,92.0,142.0,65.0,1.0,0.0,10.0,6.0,37127.0,12892.0,16568.0,73.0,4.5,0.25,391.0,22.78,85.0,7.0,8.0,0.0,0.0,0.0,0.0,0.0,87.0,141.0,63.0,10.0,2.0,8.0,11.0,52292.0,18703.0,22937.0,268.0,18.5,2.3333333333333335,482.0,21.80333333333333,80.66666666666667,9.5,9.833333333333334,0.0,0.0,0.0,0.0,0.0,15.0,30.0,56.5,2.0,0.0,1.0,1.0,9600.0,3461.0,3968.0,165.0,55.0,14.0,83.0,20.275,82.0,8.0,10.0,0.0,0.0,0.0,0.0,0.0,-1
40,21,GER,0,36.0,39.0,92.0,0.0,0.0,0.0,0.0,5153.0,2030.0,2073.0,0.0,0.0,0.0,18.0,19.95,98.0,1.0,1.0,0.0,0.0,0.0,0.0,0.0,205.0,244.0,83.5,0.0,0.0,6.0,0.0,37500.0,15700.0,15873.0,84.0,5.5,0.75,325.0,21.487499999999997,84.25,8.0,7.75,0.0,0.0,0.0,0.0,0.0,172.0,222.0,65.4,8.0,3.0,9.0,4.0,42535.0,18992.0,17206.0,301.0,25.6,3.6,503.0,22.31,79.2,9.6,11.2,0.0,0.0,0.0,0.0,0.0,46.0,65.0,75.0,7.0,1.0,4.0,5.0,17734.0,8370.0,6455.0,316.0,38.0,9.5,185.0,21.89,82.5,8.0,9.5,0.0,0.0,0.0,0.0,0.0,-1
41,21,SRB,1,19.0,48.0,40.0,0.0,0.0,0.0,1.0,5429.0,2305.0,1920.0,0.0,0.0,0.0,11.0,18.05,98.0,1.0,1.0,0.0,0.0,0.0,0.0,0.0,133.0,161.0,82.25,1.0,0.0,5.0,6.0,37521.0,13588.0,17897.0,52.0,2.0,0.0,329.0,22.1125,86.25,6.5,7.25,0.0,0.0,0.0,0.0,0.0,150.0,202.0,70.71428571428571,6.0,2.0,4.0,10.0,55990.0,21942.0,25539.0,337.0,14.571428571428571,1.2857142857142858,536.0,22.15285714285714,77.14285714285714,10.714285714285714,12.142857142857142,0.0,0.0,0.0,0.0,0.0,26.0,37.0,66.0,2.0,1.0,1.0,2.0,12562.0,4926.0,5598.0,128.0,22.0,4.0,103.0,19.295,76.0,11.5,12.5,0.0,0.0,0.0,0.0,0.0,1
42,22,SVN,2,11.0,32.0,34.0,0.0,0.0,0.0,0.0,3364.0,1186.0,1126.0,0.0,0.0,0.0,0.0,15.52,99.0,1.0,0.0,0.0,0.0,0.0,0.0,0.0,121.0,161.0,77.0,0.0,0.0,7.0,3.0,38847.0,13638.0,16000.0,60.0,4.5,1.25,299.0,22.165,84.5,8.0,7.5,0.0,0.0,0.0,0.0,0.0,106.0,157.0,52.8,4.0,2.0,5.0,6.0,42632.0,16043.0,16743.0,246.0,14.6,1.2,413.0,20.556,73.4,10.6,16.0,0.0,0.0,0.0,0.0,0.0,38.0,56.0,70.25,3.0,2.0,3.0,7.0,21972.0,8733.0,7856.0,318.0,44.5,15.75,207.0,23.23,82.75,8.25,9.0,0.0,0.0,0.0,0.0,0.0,0
43,22,USA,2,14.0,29.0,48.0,0.0,0.0,0.0,0.0,4525.0,1618.0,1414.0,0.0,0.0,0.0,4.0,18.47,97.0,1.0,2.0,0.0,0.0,0.0,0.0,0.0,145.0,182.0,79.25,2.0,0.0,6.0,4.0,36980.0,12947.0,15468.0,69.0,5.25,1.75,294.0,20.225,85.5,7.75,6.75,0.0,0.0,0.0,0.0,0.0,123.0,181.0,70.16666666666667,10.0,5.0,8.0,5.0,49418.0,19112.0,19197.0,289.0,18.166666666666668,4.333333333333333,481.0,21.56,80.0,10.166666666666666,9.833333333333334,0.0,0.0,0.0,0.0,0.0,21.0,36.0,56.333333333333336,2.0,1.0,4.0,5.0,16186.0,6813.0,5825.0,235.0,34.0,8.0,164.0,22.439999999999998,82.33333333333333,8.0,9.666666666666666,0.0,0.0,0.0,0.0,0.0,0
44,23,ALG,0,18.0,38.0,47.0,0.0,0.0,0.0,0.0,3266.0,1378.0,1079.0,0.0,0.0,0.0,5.0,16.01,99.0,1.0,0.0,0.0,0.0,0.0,0.0,0.0,147.0,197.0,59.2,2.0,0.0,4.0,3.0,39051.0,16343.0,15158.0,112.0,7.4,1.6,317.0,21.351999999999997,85.8,7.4,6.8,0.0,0.0,0.0,0.0,0.0,218.0,295.0,74.625,9.0,1.0,9.0,9.0,64567.0,27285.0,25459.0,436.0,21.5,2.875,617.0,24.21875,79.375,10.0,10.625,0.0,0.0,0.0,0.0,0.0,25.882586500283608,36.489506522972206,66.70164492342597,1.0170164492342597,0.3754963131026659,1.140669313669881,1.0652297220646625,7747.732274532048,2981.9279636982415,3103.44866704481,41.26715825297788,16.919455473624502,3.2093023255813953,73.85252410663641,22.186471922858793,82.72603516732842,8.119115144639819,9.154849688031764,0.0,0.05048213272830403,0.003403289846851957,0.07146908678389109,0.07146908678389109,0
45,23,ENG,0,41.0,45.0,91.0,0.0,0.0,0.0,0.0,4294.0,1623.0,1773.0,0.0,0.0,0.0,7.0,17.62,98.0,1.0,1.0,0.0,0.0,0.0,0.0,0.0,187.0,234.0,79.25,0.0,0.0,6.0,4.0,42375.0,15897.0,18664.0,81.0,6.25,0.75,435.0,23.92,80.0,9.75,10.25,0.0,0.0,0.0,0.0,0.0,189.0,247.0,76.6,10.0,5.0,2.0,6.0,43618.0,17556.0,18122.0,251.0,18.2,1.8,453.0,24.15,77.2,10.4,12.4,0.0,0.0,0.0,0.0,0.0,45.0,76.0,48.5,5.0,1.0,5.0,2.0,21539.0,8445.0,8914.0,310.0,38.0,10.25,207.0,22.8725,80.0,9.75,10.25,0.0,0.0,0.0,0.0,0.0,0
46,24,AUS,1,27.0,47.0,57.0,0.0,0.0,0.0,1.0,4147.0,1470.0,1411.0,0.0,0.0,0.0,8.0,15.73,97.0,2.0,1.0,0.0,0.0,0.0,0.0,0.0,158.0,208.0,74.2,4.0,2.0,9.0,8.0,42686.0,15026.0,17564.0,129.0,10.8,3.0,440.0,22.788,80.8,8.6,10.6,0.0,0.0,0.0,0.0,0.0,112.0,151.0,74.0,1.0,0.0,5.0,5.0,34125.0,12701.0,14255.0,114.0,12.666666666666666,0.6666666666666666,385.0,22.570000000000004,77.33333333333333,9.666666666666666,13.0,0.0,0.0,0.0,0.0,0.0,43.0,69.0,47.2,3.0,3.0,4.0,6.0,21737.0,8272.0,8346.0,350.0,31.6,10.0,257.0,23.136,82.0,8.2,9.8,0.0,0.0,0.0,0.0,0.0,0
47,24,GHA,1,21.0,31.0,68.0,0.0,0.0,0.0,2.0,3577.0,1307.0,1149.0,1.0,0.0,0.0,9.0,17.24,97.0,1.0,2.0,0.0,0.0,0.0,0.0,0.0,160.0,201.0,79.75,4.0,1.0,7.0,4.0,35831.0,13225.0,13829.0,79.0,5.0,1.25,342.0,21.189999999999998,86.0,6.75,7.25,0.0,0.0,0.0,0.0,0.0,110.0,144.0,74.0,6.0,0.0,5.0,6.0,31726.0,12486.0,11900.0,221.0,20.5,3.25,331.0,22.3425,81.25,8.5,10.25,0.0,0.0,0.0,0.0,0.0,97.0,125.0,71.2,12.0,5.0,10.0,4.0,30642.0,12568.0,10933.0,357.0,33.4,8.6,284.0,22.312,81.8,8.4,9.8,0.0,0.0,0.0,0.0,0.0,0
48,25,JPN,0,12.0,16.0,75.0,0.0,0.0,0.0,0.0,3420.0,1007.0,1459.0,0.0,0.0,0.0,6.0,10.24,99.0,1.0,0.0,0.0,0.0,0.0,0.0,0.0,113.0,176.0,63.5,2.0,0.0,4.0,8.0,39132.0,10657.0,18697.0,50.0,4.25,0.5,380.0,23.0275,84.25,7.5,8.25,0.0,0.0,0.0,0.0,0.0,116.0,185.0,60.833333333333336,4.0,2.0,5.0,8.0,52886.0,14646.0,26384.0,281.0,14.166666666666666,1.1666666666666667,606.0,22.323333333333334,77.66666666666667,9.833333333333334,12.5,0.0,0.0,0.0,0.0,3.0,18.0,29.0,72.33333333333333,4.0,1.0,2.0,1.0,13168.0,4119.0,5793.0,195.0,28.666666666666668,4.666666666666667,214.0,21.02,75.33333333333333,9.333333333333334,15.333333333333334,0.0,0.0,0.0,0.0,0.0,-1
49,25,NED,1,33.0,43.0,77.0,0.0,0.0,0.0,0.0,3921.0,1746.0,949.0,0.0,0.0,0.0,9.0,18.45,98.0,1.0,1.0,0.0,0.0,0.0,0.0,0.0,242.0,291.0,83.25,0.0,0.0,6.0,2.0,39575.0,17607.0,11824.0,70.0,4.75,0.25,333.0,21.49,83.5,7.75,8.75,0.0,1.0,0.0,2.0,0.0,187.0,246.0,74.8,6.0,4.0,8.0,5.0,37551.0,17423.0,11095.0,289.0,17.6,1.4,369.0,19.442,81.6,8.4,10.0,0.0,0.0,0.0,0.0,0.0,55.0,88.0,54.5,3.0,1.0,4.0,4.0,23214.0,10235.0,6316.0,306.0,32.25,5.25,256.0,21.6625,78.25,9.0,12.75,0.0,0.0,0.0,1.0,0.0,1
50,26,CMR,1,21.0,28.0,75.0,0.0,0.0,0.0,0.0,3785.0,1551.0,1309.0,0.0,0.0,0.0,18.0,18.75,98.0,1.0,1.0,3.0,0.0,0.0,1.0,0.0,209.0,263.0,80.6,4.0,2.0,5.0,5.0,44454.0,18240.0,17320.0,161.0,12.6,1.4,388.0,22.19,85.2,7.4,7.4,1.0,2.0,0.0,2.0,1.0,101.0,125.0,77.66666666666667,3.0,1.0,3.0,1.0,20692.0,9069.0,7801.0,164.0,20.0,3.0,213.0,22.69333333333333,80.33333333333333,9.0,10.666666666666666,0.0,0.0,0.0,2.0,0.0,98.0,143.0,66.4,16.0,5.0,1.0,4.0,30744.0,13577.0,10997.0,427.0,54.0,14.2,386.0,22.918,82.0,7.8,10.2,0.0,0.0,0.0,1.0,4.0,-1
51,26,DEN,2,24.0,39.0,62.0,0.0,0.0,0.0,0.0,4253.0,1408.0,1595.0,0.0,0.0,0.0,9.0,15.38,98.0,1.0,1.0,6.0,1.0,0.0,0.0,0.0,120.0,155.0,76.0,3.0,0.0,4.0,2.0,37683.0,13156.0,16730.0,47.0,2.75,0.0,331.0,22.2775,85.25,7.25,7.5,0.0,1.0,0.0,1.0,2.0,87.0,125.0,65.6,1.0,0.0,3.0,1.0,27474.0,10046.0,12595.0,163.0,7.8,0.4,287.0,22.448,73.4,12.4,14.2,0.0,0.0,0.0,3.0,1.0,88.0,125.0,70.0,9.0,6.0,5.0,5.0,37370.0,14028.0,15513.0,221.0,19.25,3.5,427.0,22.405,81.0,8.5,10.5,0.0,0.0,0.0,1.0,3.0,1
52,27,PAR,2,18.0,28.0,64.0,0.0,0.0,0.0,0.0,3774.0,1175.0,1407.0,0.0,0.0,0.0,6.0,18.08,98.0,1.0,1.0,0.0,0.0,0.0,0.0,0.0,115.0,163.0,71.5,1.0,0.0,2.0,2.0,28431.0,9966.0,11583.0,107.0,8.75,1.75,242.0,21.4175,84.5,7.25,8.25,0.0,0.0,0.0,0.0,0.0,128.0,178.0,57.8,4.0,3.0,11.0,7.0,40411.0,14223.0,16786.0,232.0,12.4,1.8,369.0,22.666,80.4,9.8,9.8,0.0,0.0,0.0,0.0,0.0,47.0,88.0,40.75,6.0,2.0,5.0,5.0,26852.0,10044.0,9966.0,330.0,45.75,10.0,274.0,21.66,84.5,7.25,8.25,0.0,0.0,0.0,0.0,0.0,1
53,27,SVK,0,22.0,42.0,52.0,0.0,0.0,0.0,0.0,3514.0,1418.0,1212.0,0.0,0.0,0.0,2.0,10.28,99.0,1.0,0.0,0.0,0.0,0.0,0.0,0.0,157.0,197.0,78.25,2.0,0.0,5.0,6.0,36152.0,13910.0,13583.0,55.0,4.5,0.5,286.0,23.252499999999998,86.75,7.25,6.0,0.0,0.0,0.0,0.0,0.0,120.0,170.0,69.8,2.0,0.0,7.0,6.0,40914.0,16177.0,15141.0,220.0,13.8,0.6,319.0,21.869999999999997,83.2,8.0,8.8,0.0,0.0,0.0,0.0,0.0,31.0,60.0,59.0,2.0,1.0,2.0,4.0,18542.0,7593.0,6620.0,225.0,26.666666666666668,4.333333333333333,190.0,23.75,84.66666666666667,7.0,8.333333333333334,0.0,0.0,0.0,0.0,0.0,-1
54,28,ITA,1,15.0,16.0,94.0,0.0,0.0,0.0,0.0,3309.0,1302.0,1025.0,0.0,0.0,0.0,5.0,23.43,99.0,1.0,0.0,0.0,0.0,0.0,0.0,0.0,196.0,247.0,79.25,7.0,0.0,5.0,14.0,39612.0,16985.0,13371.0,145.0,14.75,2.75,350.0,23.88,83.0,8.0,9.0,0.0,0.0,0.0,0.0,0.0,169.0,241.0,68.2,10.0,5.0,3.0,6.0,39558.0,18938.0,12149.0,319.0,29.8,5.8,371.0,24.162,79.2,9.8,11.0,0.0,0.0,0.0,0.0,0.0,46.0,67.0,62.25,6.0,2.0,3.0,3.0,23407.0,11683.0,6625.0,354.0,57.75,18.25,226.0,23.372500000000002,82.0,8.25,9.75,0.0,0.0,0.0,0.0,0.0,0
55,28,NZL,1,12.0,34.0,35.0,0.0,0.0,0.0,1.0,4282.0,1512.0,1485.0,0.0,0.0,0.0,6.0,18.56,98.0,1.0,1.0,0.0,0.0,0.0,0.0,0.0,72.0,141.0,53.0,1.0,0.0,5.0,3.0,45253.0,13131.0,22356.0,55.0,2.6,0.0,313.0,22.508,84.8,7.6,7.6,0.0,0.0,0.0,0.0,0.0,34.0,58.0,28.75,0.0,0.0,3.0,2.0,22646.0,6970.0,11084.0,114.0,11.25,0.0,183.0,22.015,78.0,10.25,11.75,0.0,0.0,0.0,0.0,0.0,44.0,77.0,51.5,2.0,1.0,17.0,4.0,32436.0,10445.0,14598.0,190.0,14.75,2.75,276.0,22.37,81.0,9.25,9.75,0.0,0.0,0.0,0.0,0.0,0
56,29,BRA,3,26.0,33.0,79.0,0.0,0.0,0.0,0.0,4335.0,1448.0,1116.0,0.0,0.0,0.0,5.0,16.32,98.0,1.0,1.0,0.0,0.0,0.0,0.0,0.0,219.0,246.0,89.4,3.0,2.0,6.0,10.0,37417.0,14300.0,13535.0,117.0,7.2,0.4,289.0,25.93,85.6,7.0,7.4,0.0,0.0,0.0,0.0,0.0,164.0,208.0,59.6,5.0,2.0,5.0,8.0,37499.0,15042.0,13589.0,237.0,11.0,1.2,295.0,24.288,81.2,8.4,10.4,0.0,0.0,0.0,0.0,0.0,47.0,58.0,78.5,4.0,2.0,6.0,5.0,18419.0,7954.0,6243.0,153.0,31.0,4.0,176.0,28.39,85.0,6.5,8.5,0.0,0.0,0.0,0.0,0.0,1
57,29,CIV,1,19.0,21.0,90.0,0.0,0.0,0.0,0.0,2312.0,823.0,753.0,0.0,0.0,0.0,3.0,18.53,99.0,0.0,1.0,0.0,0.0,0.0,0.0,0.0,115.0,158.0,72.25,1.0,0.0,6.0,6.0,34600.0,11895.0,14683.0,118.0,9.0,1.25,319.0,22.63,86.5,6.5,7.0,0.0,0.0,0.0,0.0,0.0,114.0,141.0,81.0,4.0,2.0,9.0,7.0,30191.0,10326.0,13510.0,132.0,9.5,0.5,247.0,22.8475,84.0,7.5,8.5,0.0,0.0,0.0,0.0,0.0,57.0,80.0,70.2,5.0,2.0,8.0,4.0,28645.0,10065.0,11633.0,345.0,32.0,6.6,265.0,24.997999999999998,85.2,6.8,8.0,0.0,0.0,0.0,0.0,0.0,-1
58,30,POR,7,19.0,28.0,68.0,0.0,0.0,0.0,0.0,4446.0,1835.0,1382.0,0.0,0.0,0.0,4.0,16.04,98.0,1.0,1.0,4.0,0.0,0.0,0.0,0.0,182.0,229.0,78.8,3.0,1.0,5.0,2.0,41433.0,16811.0,14215.0,148.0,12.6,1.4,396.0,21.734,81.4,9.0,9.6,0.0,0.0,0.0,1.0,0.0,152.0,214.0,69.25,10.0,4.0,8.0,1.0,34454.0,14495.0,12283.0,194.0,15.25,2.25,339.0,21.23,75.5,11.5,13.0,0.0,1.0,0.0,2.0,1.0,87.0,115.0,70.25,13.0,8.0,5.0,0.0,29648.0,13479.0,9044.0,305.0,38.25,10.0,388.0,22.0275,80.0,9.25,10.75,0.0,1.0,0.0,0.0,2.0,1
59,30,PRK,0,24.0,36.0,67.0,0.0,0.0,0.0,1.0,3052.0,1035.0,1295.0,0.0,0.0,0.0,14.0,18.75,98.0,1.0,1.0,4.0,0.0,0.0,0.0,0.0,150.0,204.0,74.0,3.0,0.0,1.0,5.0,49431.0,14730.0,24001.0,114.0,4.666666666666667,0.0,626.0,22.436666666666667,81.5,8.166666666666666,10.333333333333334,0.0,1.0,0.0,3.0,1.0,97.0,145.0,68.4,4.0,0.0,2.0,9.0,34966.0,12052.0,15751.0,229.0,16.0,2.0,425.0,22.074,75.8,11.0,13.2,0.0,0.0,0.0,0.0,1.0,52.0,76.0,68.0,8.0,4.0,0.0,3.0,18565.0,7219.0,7322.0,154.0,31.0,4.0,206.0,21.16,84.5,7.0,8.5,0.0,1.0,0.0,0.0,1.0,-1
60,31,CHI,1,26.0,28.0,93.0,0.0,0.0,0.0,0.0,5230.0,2086.0,1560.0,0.0,0.0,0.0,8.0,17.69,97.0,2.0,1.0,0.0,0.0,0.0,0.0,0.0,207.0,255.0,81.75,1.0,0.0,5.0,1.0,40504.0,17874.0,12607.0,118.0,12.25,3.25,382.0,22.689999999999998,82.75,8.25,9.0,0.0,0.0,0.0,0.0,0.0,128.0,173.0,72.5,4.0,2.0,7.0,14.0,30798.0,14541.0,9134.0,215.0,24.5,4.25,361.0,22.28,78.75,9.5,11.75,0.0,0.0,0.0,0.0,0.0,76.0,114.0,64.4,15.0,5.0,7.0,11.0,34996.0,16089.0,10333.0,362.0,41.0,7.6,471.0,22.776,80.6,8.6,10.8,0.0,0.0,0.0,0.0,0.0,1
61,31,SUI,0,16.0,50.0,32.0,0.0,0.0,0.0,0.0,5019.0,1582.0,2063.0,0.0,0.0,0.0,4.0,20.89,98.0,1.0,1.0,0.0,0.0,0.0,0.0,0.0,65.0,116.0,54.5,4.0,1.0,10.0,3.0,38973.0,11104.0,18353.0,70.0,5.0,0.75,389.0,22.1125,86.25,7.0,6.75,0.0,0.0,0.0,0.0,0.0,68.0,93.0,71.6,1.0,0.0,15.0,8.0,42900.0,12507.0,19955.0,217.0,14.8,2.0,447.0,21.136,77.2,11.4,11.4,0.0,0.0,0.0,0.0,0.0,16.0,37.0,44.0,2.0,0.0,1.0,2.0,16514.0,5490.0,7064.0,276.0,35.75,8.75,149.0,19.5825,79.5,9.25,11.25,0.0,0.0,0.0,0.0,0.0,-1
62,32,ESP,2,15.0,18.0,83.0,0.0,0.0,0.0,0.0,3148.0,1057.0,1156.0,0.0,0.0,0.0,4.0,17.24,99.0,1.0,0.0,0.0,0.0,0.0,0.0,0.0,166.0,212.0,75.6,4.0,0.0,5.0,3.0,38144.0,15595.0,13804.0,141.0,9.8,3.8,388.0,23.380000000000003,83.6,7.4,9.0,0.0,0.0,0.0,0.0,1.0,214.0,264.0,80.25,3.0,1.0,4.0,7.0,33403.0,14558.0,12319.0,233.0,23.25,2.75,271.0,22.137500000000003,76.75,11.25,12.0,0.0,0.0,0.0,0.0,1.0,91.0,138.0,63.75,15.0,6.0,0.0,7.0,30877.0,14647.0,9811.0,319.0,48.25,11.5,347.0,23.475,79.75,10.0,10.25,0.0,0.0,0.0,0.0,3.0,1
63,32,HON,0,19.0,33.0,58.0,0.0,0.0,0.0,0.0,4295.0,1397.0,1915.0,0.0,0.0,0.0,8.0,16.66,98.0,1.0,1.0,3.0,0.0,0.0,0.0,0.0,115.0,171.0,67.0,2.0,0.0,6.0,1.0,38281.0,12073.0,18488.0,42.0,2.5,0.25,311.0,21.3875,84.0,8.0,8.0,1.0,1.0,0.0,4.0,0.0,111.0,142.0,81.6,4.0,0.0,8.0,2.0,33551.0,11071.0,15915.0,206.0,12.8,0.8,322.0,22.338,76.4,11.8,11.8,0.0,1.0,0.0,0.0,0.0,48.0,83.0,56.25,3.0,0.0,5.0,6.0,28403.0,10060.0,12000.0,243.0,22.75,4.5,245.0,24.345,83.5,8.0,8.5,0.0,0.0,0.0,1.0,0.0,-1
64,33,MEX,0,24.0,36.0,67.0,0.0,0.0,0.0,0.0,5675.0,2523.0,1921.0,0.0,0.0,0.0,6.0,16.25,96.0,2.0,2.0,0.0,0.0,0.0,0.0,0.0,259.0,313.0,82.8,6.0,0.0,6.0,6.0,45500.0,20552.0,16469.0,120.0,6.8,1.8,366.0,22.536,83.0,8.4,8.6,0.0,0.0,0.0,0.0,0.0,99.0,124.0,82.0,1.0,1.0,5.0,1.0,21642.0,10320.0,7501.0,152.0,16.666666666666668,1.3333333333333333,262.0,20.856666666666666,76.33333333333333,10.666666666666666,13.0,0.0,0.0,0.0,0.0,0.0,94.0,122.0,76.8,4.0,1.0,9.0,6.0,33418.0,16523.0,10515.0,389.0,45.4,8.0,311.0,23.842,83.6,7.8,8.6,0.0,0.0,0.0,0.0,0.0,-1
65,33,URU,1,8.0,23.0,35.0,0.0,0.0,0.0,0.0,2991.0,1046.0,1091.0,0.0,0.0,0.0,4.0,11.81,99.0,1.0,0.0,0.0,0.0,0.0,0.0,0.0,84.0,126.0,68.0,4.0,1.0,4.0,6.0,38274.0,12245.0,18625.0,60.0,4.0,1.4,326.0,21.874000000000002,86.0,6.8,7.2,0.0,0.0,0.0,0.0,0.0,51.0,77.0,52.25,4.0,0.0,3.0,8.0,30043.0,9269.0,15164.0,149.0,13.25,2.25,292.0,20.67,81.0,8.5,10.5,0.0,0.0,0.0,0.0,0.0,45.0,89.0,51.333333333333336,7.0,4.0,6.0,6.0,30847.0,10610.0,14100.0,185.0,30.333333333333332,6.333333333333333,382.0,21.883333333333336,81.33333333333333,8.333333333333334,10.333333333333334,0.0,0.0,0.0,0.0,0.0,1
66,34,FRA,1,19.0,34.0,56.0,0.0,0.0,0.0,0.0,4379.0,1776.0,1564.0,0.0,0.0,0.0,17.0,18.9,97.0,2.0,1.0,0.0,0.0,0.0,0.0,0.0,153.0,198.0,77.75,0.0,0.0,1.0,2.0,39424.0,13781.0,15841.0,53.0,3.25,0.25,355.0,22.4,84.25,8.0,7.75,0.0,0.0,0.0,2.0,1.0,98.0,123.0,79.5,1.0,1.0,4.0,4.0,28469.0,10258.0,11337.0,169.0,10.0,2.0,269.0,22.61,79.75,10.0,10.25,0.0,1.0,1.0,0.0,0.0,39.0,73.0,42.0,9.0,3.0,5.0,6.0,26491.0,10509.0,9013.0,358.0,33.6,4.0,315.0,23.814,80.6,8.8,10.6,0.0,0.0,0.0,0.0,4.0,-1
67,34,RSA,2,23.0,36.0,64.0,0.0,0.0,0.0,1.0,5126.0,1593.0,1780.0,0.0,0.0,0.0,10.0,19.87,97.0,2.0,1.0,0.0,0.0,0.0,0.0,0.0,140.0,168.0,83.6,1.0,1.0,3.0,5.0,37575.0,13099.0,14484.0,95.0,5.0,0.4,308.0,23.101999999999997,86.4,6.8,6.8,0.0,0.0,0.0,0.0,0.0,170.0,222.0,79.8,12.0,3.0,7.0,3.0,42961.0,15119.0,17092.0,247.0,17.0,2.2,386.0,21.648,79.2,10.2,10.6,0.0,0.0,0.0,5.0,0.0,48.0,65.0,73.66666666666667,8.0,6.0,2.0,1.0,20999.0,8629.0,7289.0,251.0,38.0,9.333333333333334,232.0,22.423333333333332,79.33333333333333,10.0,10.666666666666666,0.0,0.0,0.0,0.0,2.0,1
68,35,KOR,2,15.0,26.0,58.0,0.0,0.0,0.0,1.0,4129.0,1551.0,1396.0,0.0,0.0,0.0,4.0,17.34,98.0,1.0,1.0,0.0,0.0,0.0,0.0,0.0,148.0,190.0,61.4,3.0,3.0,8.0,6.0,37731.0,14307.0,15193.0,125.0,4.0,0.4,304.0,20.834,79.6,8.2,12.2,0.0,0.0,0.0,0.0,0.0,181.0,242.0,77.0,8.0,2.0,4.0,11.0,55935.0,22294.0,21860.0,373.0,21.714285714285715,3.7142857142857144,638.0,23.048571428571428,76.14285714285714,10.428571428571429,13.428571428571429,0.0,0.0,0.0,0.0,0.0,20.0,32.0,63.0,5.0,3.0,0.0,2.0,9720.0,4272.0,3451.0,86.0,46.0,11.0,95.0,29.0,84.0,7.0,9.0,0.0,0.0,0.0,0.0,0.0,0
69,35,NGA,2,19.0,33.0,58.0,0.0,0.0,1.0,1.0,2919.0,951.0,1291.0,0.0,0.0,0.0,4.0,11.58,98.0,1.0,1.0,0.0,0.0,0.0,0.0,0.0,111.0,159.0,68.2,0.0,0.0,4.0,1.0,36138.0,12726.0,15909.0,59.0,2.8,0.2,300.0,21.678,86.0,6.8,7.2,0.0,0.0,0.0,0.0,0.0,116.0,156.0,74.5,3.0,2.0,9.0,6.0,36444.0,14473.0,14371.0,199.0,16.25,1.75,317.0,20.7675,82.25,8.75,9.0,0.0,0.0,0.0,0.0,0.0,55.0,90.0,54.25,8.0,2.0,8.0,4.0,23803.0,9195.0,8646.0,296.0,34.5,8.25,222.0,23.267500000000002,83.0,8.0,9.0,0.0,0.0,0.0,0.0,0.0,0
70,36,ARG,2,12.0,19.0,63.0,0.0,0.0,0.0,0.0,3293.0,1810.0,926.0,4.0,3.0,0.0,1.0,18.59,99.0,1.0,0.0,0.0,0.0,0.0,0.0,0.0,234.0,268.0,88.0,4.0,2.0,1.0,5.0,36905.0,19744.0,10466.0,113.0,10.0,3.75,345.0,22.7225,83.0,8.0,9.0,0.0,0.0,0.0,0.0,0.0,307.0,364.0,84.6,7.0,3.0,5.0,5.0,33611.0,19036.0,9221.0,306.0,28.8,4.6,337.0,22.692,77.2,10.6,12.2,0.0,0.0,0.0,0.0,0.0,109.0,149.0,78.5,11.0,7.0,2.0,3.0,25646.0,15435.0,5962.0,363.0,56.75,16.0,244.0,22.835,84.75,6.75,8.5,0.0,0.0,0.0,0.0,0.0,1
71,36,GRE,0,9.0,28.0,32.0,0.0,0.0,0.0,0.0,4392.0,1288.0,1952.0,0.0,0.0,0.0,7.0,19.61,98.0,1.0,1.0,0.0,0.0,0.0,0.0,0.0,77.0,133.0,57.0,2.0,1.0,10.0,3.0,59275.0,13869.0,35737.0,112.0,2.75,0.25,491.0,22.085,85.375,7.375,7.25,0.0,0.0,0.0,0.0,0.0,49.0,87.0,56.5,1.0,1.0,3.0,5.0,26233.0,6684.0,15228.0,142.0,9.25,1.0,233.0,21.9075,79.75,10.25,10.0,0.0,0.0,0.0,0.0,0.0,10.0,29.0,34.0,4.0,1.0,2.0,0.0,8992.0,2779.0,4425.0,69.0,22.0,3.0,69.0,22.54,86.0,6.0,8.0,0.0,0.0,0.0,0.0,0.0,-1
72,37,ENG,1,28.0,45.0,62.0,0.0,0.0,0.0,0.0,4176.0,1848.0,1404.0,0.0,0.0,0.0,13.0,15.46,98.0,1.0,1.0,0.0,0.0,0.0,0.0,0.0,188.0,229.0,82.25,2.0,2.0,12.0,8.0,38470.0,16790.0,14358.0,94.0,6.75,1.25,354.0,23.76,83.25,8.25,8.5,0.0,0.0,0.0,0.0,0.0,174.0,250.0,67.4,4.0,2.0,7.0,7.0,46014.0,20407.0,16363.0,295.0,25.6,2.6,473.0,21.6,77.4,10.6,12.0,0.0,0.0,0.0,0.0,0.0,29.0,51.0,40.333333333333336,7.0,4.0,1.0,2.0,18231.0,8654.0,6278.0,241.0,46.666666666666664,18.666666666666668,241.0,20.793333333333333,80.33333333333333,8.666666666666666,11.0,0.0,0.0,0.0,0.0,0.0,1
73,37,SVN,0,24.0,49.0,49.0,0.0,0.0,0.0,0.0,3570.0,1380.0,1261.0,0.0,0.0,0.0,21.0,19.42,98.0,1.0,1.0,0.0,0.0,0.0,0.0,0.0,105.0,142.0,75.25,3.0,1.0,4.0,5.0,39314.0,13164.0,18770.0,49.0,4.25,1.5,343.0,23.345,83.5,8.75,7.75,0.0,0.0,0.0,0.0,0.0,85.0,141.0,59.75,7.0,5.0,8.0,6.0,41704.0,14235.0,19808.0,163.0,13.25,1.5,469.0,21.5075,77.5,10.5,12.0,0.0,0.0,0.0,0.0,0.0,27.0,59.0,41.5,3.0,0.0,7.0,7.0,22251.0,7974.0,9591.0,286.0,31.0,8.25,230.0,21.43,81.75,8.75,9.5,0.0,0.0,0.0,0.0,0.0,-1
74,38,ALG,0,27.0,39.0,69.0,0.0,0.0,0.0,0.0,3305.0,1141.0,1090.0,0.0,0.0,0.0,13.0,19.64,98.0,1.0,1.0,0.0,0.0,0.0,0.0,0.0,133.0,170.0,78.5,1.0,0.0,4.0,5.0,37647.0,13511.0,14937.0,58.0,5.25,1.25,382.0,24.845,84.25,7.75,8.0,0.0,0.0,0.0,0.0,0.0,149.0,209.0,64.5,13.0,1.0,16.0,2.0,52662.0,20046.0,20709.0,275.0,16.5,2.1666666666666665,613.0,25.63,78.83333333333333,9.0,12.166666666666666,0.0,0.0,0.0,0.0,0.0,22.0,29.0,64.33333333333333,5.0,3.0,1.0,1.0,10926.0,4327.0,3735.0,215.0,33.666666666666664,12.666666666666666,148.0,21.113333333333333,80.33333333333333,7.666666666666667,12.0,0.0,0.0,0.0,0.0,0.0,-1
75,38,USA,1,35.0,45.0,78.0,0.0,0.0,0.0,0.0,4730.0,1664.0,1439.0,0.0,0.0,0.0,13.0,18.75,97.0,1.0,2.0,0.0,0.0,0.0,0.0,0.0,137.0,172.0,80.0,1.0,0.0,3.0,4.0,39322.0,14099.0,16027.0,74.0,4.5,0.5,431.0,23.515,82.75,8.0,9.25,0.0,0.0,0.0,0.0,0.0,158.0,210.0,68.16666666666667,16.0,7.0,3.0,9.0,49017.0,19402.0,18264.0,325.0,21.833333333333332,4.333333333333333,572.0,24.48,77.33333333333333,10.833333333333334,11.833333333333334,0.0,0.0,0.0,0.0,0.0,20.0,43.0,44.0,5.0,3.0,5.0,7.0,17550.0,7444.0,5940.0,257.0,49.0,15.0,211.0,24.183333333333334,83.33333333333333,8.0,8.666666666666666,0.0,0.0,0.0,0.0,0.0,1
76,39,GER,1,27.0,36.0,75.0,0.0,0.0,0.0,0.0,5102.0,2153.0,1802.0,0.0,0.0,0.0,9.0,16.31,97.0,2.0,1.0,0.0,0.0,0.0,0.0,0.0,189.0,237.0,79.5,0.0,0.0,0.0,2.0,36352.0,16341.0,14075.0,77.0,4.75,1.25,264.0,24.25,83.0,8.75,8.25,0.0,0.0,0.0,0.0,0.0,216.0,277.0,78.42857142857143,6.0,3.0,4.0,5.0,47451.0,23153.0,17224.0,331.0,18.428571428571427,3.142857142857143,557.0,21.26142857142857,78.0,10.285714285714286,11.714285714285714,0.0,0.0,0.0,0.0,0.0,59.0,90.0,64.0,7.0,3.0,1.0,3.0,20035.0,9871.0,6987.0,152.0,33.0,6.0,268.0,25.22,82.5,7.5,10.0,0.0,0.0,0.0,0.0,0.0,1
77,39,GHA,0,16.0,53.0,30.0,0.0,0.0,0.0,0.0,3575.0,1309.0,1471.0,0.0,0.0,0.0,7.0,16.62,98.0,1.0,1.0,0.0,0.0,0.0,0.0,0.0,126.0,161.0,79.0,2.0,0.0,1.0,1.0,38606.0,12765.0,20013.0,50.0,2.25,0.5,420.0,22.174999999999997,83.0,8.0,9.0,0.0,0.0,0.0,0.0,0.0,124.0,158.0,75.5,6.0,2.0,8.0,3.0,35987.0,13052.0,17513.0,210.0,15.75,2.0,341.0,22.189999999999998,77.0,10.75,12.25,0.0,0.0,0.0,0.0,0.0,59.0,88.0,48.2,9.0,3.0,2.0,0.0,27883.0,10244.0,13311.0,361.0,22.0,3.4,269.0,23.45,79.6,9.0,11.4,0.0,0.0,0.0,0.0,0.0,-1
78,40,AUS,2,30.0,58.0,52.0,0.0,0.0,0.0,0.0,4337.0,1606.0,1761.0,0.0,0.0,0.0,11.0,19.06,98.0,1.0,1.0,0.0,0.0,0.0,0.0,0.0,139.0,188.0,67.8,1.0,0.0,9.0,5.0,46647.0,15592.0,22435.0,107.0,7.8,1.6,552.0,21.768,77.8,10.4,11.8,0.0,0.0,0.0,0.0,0.0,90.0,125.0,72.66666666666667,4.0,1.0,9.0,0.0,34401.0,12258.0,17036.0,107.0,11.333333333333334,1.3333333333333333,502.0,22.16,71.0,12.666666666666666,16.333333333333332,0.0,0.0,0.0,0.0,0.0,62.0,110.0,55.2,12.0,6.0,7.0,4.0,36123.0,12975.0,17230.0,314.0,27.2,7.0,481.0,22.332,74.2,11.0,14.8,0.0,0.0,0.0,0.0,0.0,1
79,40,SRB,1,26.0,33.0,79.0,0.0,0.0,0.0,0.0,5872.0,2686.0,1860.0,0.0,0.0,0.0,7.0,22.71,98.0,1.0,1.0,0.0,0.0,0.0,0.0,0.0,195.0,256.0,75.75,5.0,1.0,2.0,10.0,39601.0,18566.0,14626.0,74.0,5.0,1.5,347.0,24.162499999999998,82.75,9.0,8.25,0.0,0.0,0.0,0.0,0.0,187.0,265.0,66.0,13.0,4.0,5.0,12.0,59237.0,28607.0,20767.0,368.0,25.0,3.8333333333333335,675.0,23.595,74.16666666666667,12.0,13.833333333333334,0.0,0.0,0.0,0.0,0.0,10.0,25.0,38.666666666666664,5.0,1.0,3.0,3.0,12365.0,6229.0,4117.0,263.0,45.666666666666664,14.666666666666666,135.0,22.796666666666667,81.66666666666667,8.666666666666666,9.666666666666666,0.0,0.0,0.0,0.0,0.0,-1
80,41,ITA,2,24.0,28.0,86.0,0.0,0.0,0.0,0.0,3542.0,1273.0,1062.0,0.0,0.0,0.0,9.0,15.83,98.0,1.0,1.0,0.0,0.0,0.0,0.0,0.0,152.0,197.0,77.0,1.0,1.0,6.0,8.0,39278.0,14495.0,14545.0,109.0,7.2,1.0,426.0,24.508,83.4,7.6,9.0,0.0,0.0,0.0,0.0,0.0,132.0,174.0,74.8,6.0,0.0,6.0,7.0,36459.0,14136.0,12896.0,233.0,15.6,2.0,298.0,21.446,79.6,10.0,10.4,0.0,0.0,0.0,0.0,0.0,59.0,88.0,67.33333333333333,9.0,5.0,5.0,5.0,24952.0,10531.0,7269.0,231.0,40.0,9.666666666666666,230.0,23.14,83.33333333333333,7.333333333333333,9.333333333333334,0.0,0.0,0.0,0.0,0.0,-1
81,41,SVK,3,18.0,37.0,49.0,0.0,0.0,0.0,1.0,4161.0,1289.0,1368.0,0.0,0.0,0.0,10.0,20.69,98.0,1.0,1.0,0.0,0.0,0.0,0.0,0.0,112.0,147.0,61.0,2.0,0.0,6.0,6.0,39174.0,12221.0,15728.0,64.0,4.2,1.6,328.0,22.844,85.8,7.2,7.0,0.0,0.0,0.0,0.0,0.0,117.0,169.0,55.4,8.0,2.0,10.0,6.0,43315.0,14538.0,17205.0,225.0,14.8,2.0,410.0,22.374000000000002,80.0,9.4,10.6,0.0,0.0,0.0,0.0,0.0,45.0,69.0,77.0,2.0,2.0,4.0,3.0,19750.0,7104.0,7244.0,141.0,22.666666666666668,4.666666666666667,205.0,20.83,86.66666666666667,5.333333333333333,8.0,0.0,0.0,0.0,0.0,0.0,1
82,42,NZL,0,23.0,46.0,50.0,0.0,0.0,0.0,0.0,3705.0,1380.0,1271.0,0.0,0.0,0.0,4.0,16.07,99.0,1.0,0.0,0.0,0.0,0.0,0.0,0.0,80.0,133.0,61.2,0.0,0.0,10.0,3.0,44195.0,13753.0,21753.0,63.0,2.4,0.0,345.0,21.542,86.6,6.8,6.6,0.0,0.0,0.0,0.0,0.0,65.0,101.0,64.5,2.0,0.0,1.0,3.0,19704.0,6286.0,9607.0,45.0,3.5,0.0,159.0,24.8,82.5,8.5,9.0,0.0,0.0,0.0,0.0,0.0,47.0,82.0,61.0,2.0,0.0,8.0,5.0,29891.0,10084.0,13503.0,340.0,25.8,4.8,262.0,21.622,81.6,9.0,9.4,0.0,0.0,0.0,0.0,0.0,0
83,42,PAR,0,23.0,23.0,100.0,0.0,0.0,0.0,0.0,3591.0,1489.0,1179.0,0.0,0.0,0.0,3.0,14.88,99.0,1.0,0.0,0.0,0.0,0.0,0.0,0.0,230.0,282.0,80.0,4.0,0.0,3.0,4.0,38890.0,16772.0,12993.0,86.0,5.25,0.25,328.0,24.325,83.5,8.25,8.25,0.0,0.0,0.0,0.0,0.0,121.0,161.0,71.33333333333333,5.0,1.0,5.0,7.0,31287.0,14073.0,10607.0,147.0,13.666666666666666,1.0,264.0,21.290000000000003,81.0,10.333333333333334,8.666666666666666,0.0,0.0,0.0,0.0,0.0,65.0,114.0,55.8,8.0,4.0,5.0,6.0,28782.0,13801.0,9082.0,418.0,41.4,5.6,269.0,24.028,85.8,6.6,7.6,0.0,0.0,0.0,0.0,0.0,0
84,43,DEN,1,24.0,31.0,77.0,0.0,0.0,0.0,0.0,4305.0,1474.0,1340.0,0.0,0.0,0.0,11.0,17.57,97.0,2.0,1.0,0.0,0.0,0.0,0.0,0.0,190.0,237.0,80.75,5.0,1.0,7.0,4.0,35677.0,13897.0,11914.0,122.0,8.75,2.0,363.0,22.675,83.5,8.0,8.5,0.0,0.0,0.0,0.0,0.0,172.0,217.0,79.2,6.0,2.0,6.0,2.0,35104.0,15108.0,11138.0,258.0,21.2,2.6,330.0,22.064,76.4,11.6,12.0,0.0,0.0,0.0,0.0,0.0,78.0,107.0,68.25,8.0,4.0,10.0,4.0,32432.0,14334.0,9449.0,329.0,46.75,12.0,290.0,21.66,83.75,8.0,8.25,0.0,0.0,0.0,0.0,0.0,-1
85,43,JPN,3,13.0,30.0,43.0,0.0,0.0,0.0,1.0,4423.0,1287.0,1430.0,0.0,0.0,0.0,5.0,12.91,99.0,1.0,0.0,0.0,0.0,0.0,0.0,0.0,66.0,114.0,44.0,4.0,2.0,2.0,8.0,40989.0,12008.0,17097.0,67.0,3.4,0.6,395.0,20.418,84.4,7.0,8.6,0.0,0.0,0.0,0.0,0.0,124.0,174.0,75.16666666666667,7.0,4.0,6.0,11.0,53685.0,16120.0,23695.0,259.0,20.666666666666668,1.6666666666666667,630.0,22.146666666666665,78.5,9.666666666666666,11.833333333333334,0.0,0.0,0.0,0.0,0.0,17.0,30.0,42.0,4.0,4.0,2.0,3.0,13807.0,4708.0,5674.0,101.0,25.0,5.0,205.0,21.884999999999998,73.5,11.5,15.0,0.0,0.0,0.0,0.0,0.0,1
86,44,CMR,1,36.0,61.0,59.0,0.0,0.0,0.0,0.0,3934.0,1643.0,1468.0,0.0,0.0,0.0,11.0,18.73,98.0,1.0,1.0,5.0,0.0,0.0,0.0,0.0,254.0,346.0,76.28571428571429,6.0,1.0,11.0,5.0,54558.0,23037.0,22076.0,192.0,7.714285714285714,1.1428571428571428,545.0,20.417142857142856,83.71428571428571,8.0,8.285714285714286,0.0,2.0,0.0,1.0,0.0,95.0,126.0,75.5,6.0,1.0,6.0,5.0,20856.0,9429.0,8155.0,121.0,19.5,3.0,181.0,19.994999999999997,79.5,10.0,10.5,0.0,0.0,0.0,0.0,0.0,46.0,83.0,51.25,3.0,1.0,1.0,3.0,23038.0,10171.0,8206.0,321.0,40.0,6.75,240.0,19.5125,83.25,8.5,8.25,0.0,0.0,0.0,0.0,2.0,-1
87,44,NED,2,25.0,42.0,60.0,0.0,0.0,0.0,0.0,3566.0,1502.0,1286.0,0.0,0.0,0.0,3.0,18.45,99.0,1.0,0.0,2.0,0.0,0.0,0.0,0.0,150.0,220.0,68.25,0.0,0.0,6.0,3.0,38092.0,13684.0,17242.0,37.0,2.25,0.5,280.0,20.765,84.5,8.0,7.5,0.0,1.0,0.0,2.0,0.0,138.0,199.0,69.75,8.0,3.0,7.0,9.0,39224.0,14540.0,17787.0,177.0,9.5,1.25,369.0,21.4425,81.25,9.25,9.5,0.0,1.0,0.0,0.0,0.0,56.0,102.0,53.2,7.0,5.0,2.0,5.0,23515.0,9254.0,9473.0,329.0,23.8,3.8,304.0,21.344,82.0,8.2,9.8,0.0,1.0,0.0,0.0,1.0,1
88,45,BRA,0,20.0,24.0,83.0,0.0,0.0,0.0,0.0,3814.0,1628.0,1044.0,0.0,0.0,0.0,2.0,15.62,99.0,1.0,0.0,0.0,0.0,0.0,0.0,0.0,294.0,354.0,83.6,10.0,2.0,8.0,5.0,47172.0,22505.0,15152.0,189.0,11.8,0.4,493.0,25.163999999999998,84.2,7.2,8.6,0.0,0.0,0.0,0.0,0.0,246.0,280.0,80.4,3.0,1.0,8.0,4.0,32380.0,16490.0,10065.0,285.0,17.2,1.2,304.0,20.535999999999998,79.0,10.0,11.0,0.0,0.0,0.0,0.0,0.0,36.0,54.0,70.33333333333333,6.0,2.0,2.0,1.0,18856.0,9921.0,5358.0,258.0,60.0,9.666666666666666,166.0,21.430000000000003,83.66666666666667,8.0,8.333333333333334,0.0,0.0,0.0,0.0,0.0,0
89,45,POR,0,19.0,27.0,70.0,0.0,0.0,0.0,0.0,4708.0,1562.0,2004.0,0.0,0.0,0.0,4.0,11.6,98.0,1.0,1.0,0.0,0.0,0.0,0.0,0.0,133.0,179.0,70.8,1.0,0.0,2.0,3.0,44708.0,13306.0,22826.0,85.0,6.2,1.2,390.0,23.186,83.6,7.6,8.8,0.0,0.0,0.0,0.0,0.0,83.0,119.0,66.6,3.0,0.0,7.0,8.0,33959.0,9428.0,18660.0,114.0,4.8,0.6,406.0,22.044,78.4,10.2,11.4,0.0,0.0,0.0,0.0,0.0,40.0,73.0,56.666666666666664,9.0,3.0,2.0,5.0,25210.0,8397.0,12304.0,153.0,20.666666666666668,3.3333333333333335,320.0,25.45,79.66666666666667,9.0,11.333333333333334,0.0,0.0,0.0,0.0,0.0,0
90,46,CIV,3,14.0,20.0,70.0,0.0,0.0,0.0,0.0,3197.0,1328.0,1072.0,0.0,0.0,0.0,10.0,17.44,98.0,1.0,1.0,4.0,0.0,0.0,0.0,0.0,150.0,193.0,77.66666666666667,5.0,2.0,1.0,5.0,30261.0,14190.0,10369.0,115.0,13.0,1.6666666666666667,297.0,22.393333333333334,82.66666666666667,8.333333333333334,9.0,0.0,0.0,0.0,0.0,0.0,213.0,274.0,78.0,7.0,5.0,10.0,4.0,40027.0,19729.0,13741.0,197.0,17.75,2.0,317.0,22.705,80.25,10.25,9.5,0.0,0.0,0.0,0.0,0.0,93.0,135.0,71.16666666666667,16.0,7.0,5.0,4.0,31981.0,16668.0,9420.0,514.0,56.0,16.666666666666668,317.0,22.551666666666666,83.5,7.166666666666667,9.333333333333334,0.0,0.0,0.0,2.0,1.0,1
91,46,PRK,0,16.0,30.0,53.0,0.0,0.0,0.0,0.0,3429.0,1218.0,1361.0,0.0,0.0,0.0,5.0,11.84,98.0,1.0,1.0,9.0,0.0,0.0,0.0,0.0,87.0,155.0,57.6,0.0,0.0,2.0,5.0,47073.0,13590.0,25516.0,27.0,0.6,0.0,389.0,22.798,85.0,7.4,7.6,0.0,0.0,0.0,0.0,0.0,77.0,124.0,62.666666666666664,0.0,0.0,4.0,5.0,31802.0,9954.0,16879.0,70.0,5.333333333333333,0.0,362.0,23.41333333333333,75.33333333333333,11.333333333333334,13.333333333333334,0.0,0.0,0.0,0.0,1.0,62.0,105.0,62.666666666666664,7.0,3.0,7.0,6.0,22593.0,8120.0,10306.0,163.0,17.333333333333332,1.6666666666666667,207.0,21.576666666666668,82.0,8.0,10.0,0.0,0.0,0.0,1.0,1.0,-1
92,47,CHI,1,18.0,36.0,50.0,0.0,0.0,0.0,0.0,4792.0,1719.0,1761.0,0.0,0.0,0.0,8.0,17.13,97.0,2.0,1.0,1.0,0.0,0.0,0.0,0.0,142.0,178.0,80.0,1.0,0.0,6.0,4.0,39470.0,12645.0,18742.0,63.0,4.25,0.5,389.0,21.682499999999997,81.5,9.0,9.5,0.0,2.0,0.0,8.0,1.0,73.0,101.0,68.75,2.0,2.0,13.0,4.0,25257.0,8061.0,11468.0,180.0,18.5,1.75,287.0,21.68,78.0,10.0,12.0,0.0,2.0,1.0,0.0,2.0,59.0,91.0,62.2,6.0,2.0,2.0,5.0,30777.0,9833.0,13963.0,232.0,17.2,1.8,393.0,22.096,79.4,9.2,11.4,0.0,0.0,0.0,3.0,3.0,-1
93,47,ESP,2,12.0,14.0,86.0,0.0,0.0,0.0,0.0,2846.0,899.0,1012.0,0.0,0.0,0.0,3.0,22.53,99.0,0.0,1.0,3.0,0.0,0.0,0.0,0.0,251.0,291.0,87.0,2.0,0.0,5.0,5.0,36922.0,15356.0,12872.0,105.0,6.25,1.0,304.0,22.575,84.75,7.5,7.75,0.0,0.0,0.0,1.0,3.0,322.0,376.0,85.5,2.0,1.0,3.0,11.0,48978.0,22186.0,16938.0,348.0,16.0,0.3333333333333333,415.0,21.616666666666664,77.33333333333333,11.0,11.666666666666666,0.0,0.0,0.0,5.0,3.0,32.0,53.0,57.0,5.0,2.0,5.0,4.0,14914.0,6329.0,4780.0,164.0,50.0,6.5,164.0,21.795,84.5,6.5,9.0,0.0,0.0,0.0,0.0,5.0,1
94,48,HON,0,17.0,27.0,63.0,0.0,0.0,0.0,0.0,4087.0,1147.0,1747.0,0.0,0.0,0.0,4.0,15.3,99.0,1.0,0.0,5.0,0.0,0.0,0.0,0.0,118.0,175.0,69.5,3.0,1.0,7.0,3.0,34202.0,9886.0,16502.0,30.0,1.5,0.0,273.0,21.4975,87.5,6.5,6.0,0.0,1.0,0.0,3.0,0.0,102.0,154.0,62.5,3.0,1.0,6.0,8.0,43795.0,13895.0,20172.0,256.0,14.833333333333334,2.6666666666666665,484.0,24.041666666666668,82.16666666666667,7.833333333333333,10.0,0.0,2.0,0.0,3.0,3.0,26.0,45.0,55.333333333333336,2.0,0.0,5.0,0.0,12529.0,4099.0,5366.0,169.0,22.0,4.333333333333333,139.0,21.683333333333334,84.66666666666667,6.0,9.333333333333334,0.0,1.0,0.0,0.0,2.0,0
95,48,SUI,0,28.0,37.0,76.0,0.0,0.0,0.0,0.0,5314.0,2404.0,1586.0,0.0,0.0,0.0,10.0,18.63,97.0,2.0,1.0,2.0,0.0,0.0,0.0,0.0,210.0,242.0,87.0,1.0,0.0,2.0,5.0,38444.0,16281.0,13475.0,112.0,7.75,1.0,461.0,24.61,83.75,7.75,8.5,0.0,0.0,0.0,4.0,0.0,208.0,271.0,77.5,12.0,4.0,9.0,10.0,43156.0,19781.0,13980.0,404.0,31.333333333333332,5.5,448.0,22.385,78.0,10.166666666666666,11.833333333333334,0.0,1.0,0.0,1.0,2.0,39.0,61.0,51.666666666666664,4.0,1.0,1.0,2.0,17844.0,8737.0,5206.0,275.0,55.333333333333336,14.333333333333334,155.0,21.679999999999996,85.0,6.666666666666667,8.333333333333334,0.0,0.0,0.0,0.0,4.0,0
96,49,KOR,1,11.0,20.0,55.0,0.0,0.0,0.0,0.0,4033.0,1719.0,1317.0,0.0,0.0,0.0,2.0,15.01,99.0,1.0,0.0,0.0,0.0,0.0,0.0,0.0,171.0,234.0,73.25,3.0,0.0,4.0,1.0,39412.0,17317.0,14830.0,103.0,8.75,0.75,397.0,21.9375,83.25,8.0,8.75,0.0,0.0,0.0,0.0,0.0,211.0,287.0,75.16666666666667,4.0,3.0,5.0,8.0,52125.0,24130.0,18588.0,368.0,31.666666666666668,5.833333333333333,575.0,22.843333333333334,77.0,10.666666666666666,12.333333333333334,0.0,0.0,0.0,0.0,0.0,31.0,55.0,57.5,8.0,2.0,3.0,1.0,12799.0,6283.0,3921.0,170.0,51.5,14.0,121.0,23.91,84.0,8.0,8.0,0.0,0.0,0.0,0.0,0.0,-1
97,49,URU,2,14.0,35.0,40.0,0.0,0.0,0.0,0.0,3287.0,1184.0,1298.0,0.0,0.0,0.0,5.0,17.97,98.0,1.0,1.0,0.0,0.0,0.0,0.0,0.0,85.0,147.0,55.8,2.0,0.0,5.0,6.0,38434.0,12580.0,18576.0,47.0,3.8,1.0,409.0,20.704,84.4,7.6,8.0,0.0,0.0,0.0,0.0,0.0,90.0,131.0,57.4,2.0,0.0,5.0,3.0,34627.0,11464.0,16899.0,172.0,14.2,2.6,417.0,22.160000000000004,76.4,10.4,13.2,0.0,0.0,0.0,0.0,0.0,79.0,121.0,65.0,10.0,8.0,2.0,2.0,30227.0,11394.0,12899.0,199.0,29.666666666666668,5.333333333333333,381.0,24.953333333333333,82.0,8.0,10.0,0.0,0.0,0.0,0.0,0.0,1
98,50,GHA,2,18.0,43.0,42.0,0.0,0.0,0.0,0.0,5090.0,1921.0,1889.0,0.0,0.0,0.0,10.0,18.94,98.0,1.0,1.0,0.0,0.0,0.0,0.0,0.0,207.0,327.0,64.0,1.0,0.0,9.0,2.0,64731.0,25425.0,27877.0,123.0,5.5,0.6666666666666666,654.0,25.548333333333332,84.0,7.333333333333333,8.666666666666666,0.0,0.0,0.0,0.0,0.0,167.0,244.0,62.8,3.0,2.0,5.0,5.0,49289.0,20833.0,20095.0,254.0,17.8,1.8,491.0,22.584,79.6,9.2,11.2,0.0,0.0,0.0,0.0,0.0,59.0,97.0,62.0,12.0,4.0,5.0,3.0,21207.0,9032.0,8431.0,121.0,23.5,4.0,186.0,20.695,85.5,6.5,8.0,0.0,0.0,0.0,0.0,0.0,1
99,50,USA,1,25.0,43.0,58.0,0.0,0.0,0.0,0.0,6026.0,2106.0,2150.0,0.0,0.0,0.0,15.0,18.43,97.0,1.0,2.0,0.0,0.0,0.0,0.0,0.0,168.0,264.0,64.0,2.0,0.0,3.0,4.0,54492.0,20687.0,24316.0,94.0,7.5,1.5,522.0,22.445,82.75,8.25,9.0,0.0,0.0,0.0,0.0,0.0,169.0,286.0,57.666666666666664,14.0,5.0,5.0,10.0,69271.0,28544.0,28838.0,307.0,21.666666666666668,5.0,701.0,24.191666666666666,79.83333333333333,9.666666666666666,10.5,0.0,0.0,0.0,0.0,0.0,19.0,39.0,52.0,4.0,1.0,3.0,4.0,18442.0,7965.0,7336.0,251.0,42.0,12.666666666666666,227.0,24.663333333333338,82.66666666666667,7.666666666666667,9.666666666666666,0.0,0.0,0.0,0.0,0.0,-1
100,51,ENG,1,15.0,29.0,52.0,0.0,0.0,0.0,0.0,3751.0,1342.0,1424.0,0.0,0.0,0.0,6.0,14.99,98.0,1.0,1.0,0.0,0.0,0.0,0.0,0.0,158.0,206.0,76.5,2.0,1.0,4.0,1.0,37953.0,13299.0,16218.0,79.0,4.25,0.5,384.0,22.2925,84.0,7.25,8.75,0.0,0.0,0.0,0.0,0.0,147.0,217.0,60.666666666666664,15.0,7.0,2.0,2.0,45200.0,17643.0,18127.0,296.0,18.0,1.5,467.0,23.395,78.83333333333333,9.166666666666666,12.0,0.0,0.0,0.0,0.0,0.0,37.0,56.0,67.33333333333333,2.0,1.0,0.0,4.0,19992.0,8332.0,7357.0,246.0,46.333333333333336,7.666666666666667,202.0,25.929999999999996,82.0,8.333333333333334,9.666666666666666,0.0,0.0,0.0,0.0,0.0,-1
101,51,GER,4,16.0,30.0,53.0,0.0,0.0,0.0,0.0,5059.0,1784.0,1764.0,0.0,0.0,0.0,13.0,19.63,97.0,2.0,1.0,0.0,0.0,0.0,0.0,0.0,103.0,154.0,67.75,1.0,0.0,4.0,1.0,38127.0,13537.0,15749.0,48.0,2.0,0.0,268.0,21.0575,85.5,8.0,6.5,0.0,0.0,0.0,0.0,0.0,122.0,176.0,73.4,8.0,3.0,1.0,4.0,44074.0,16813.0,17111.0,252.0,18.4,2.2,508.0,24.913999999999998,78.4,9.8,11.8,0.0,0.0,0.0,0.0,0.0,32.0,51.0,71.75,8.0,4.0,2.0,1.0,21117.0,8547.0,7328.0,291.0,34.5,9.0,214.0,24.5125,80.5,8.75,10.75,0.0,0.0,0.0,0.0,0.0,1
102,52,ARG,3,17.0,32.0,53.0,0.0,0.0,0.0,0.0,3478.0,1253.0,1301.0,0.0,0.0,0.0,3.0,13.11,98.0,1.0,1.0,0.0,0.0,0.0,0.0,0.0,162.0,204.0,80.0,1.0,0.0,2.0,8.0,37020.0,13148.0,15781.0,37.0,2.0,0.0,255.0,22.52,85.25,7.25,7.5,0.0,0.0,0.0,0.0,0.0,126.0,174.0,69.0,2.0,1.0,6.0,9.0,35274.0,12068.0,15764.0,223.0,12.0,0.16666666666666666,328.0,21.233333333333334,79.5,10.833333333333334,9.666666666666666,0.0,0.0,0.0,0.0,0.0,75.0,112.0,66.0,8.0,5.0,3.0,8.0,25783.0,10406.0,9685.0,222.0,32.333333333333336,3.3333333333333335,264.0,22.409999999999997,85.66666666666667,7.0,7.333333333333333,0.0,0.0,0.0,0.0,0.0,1
103,52,MEX,1,12.0,20.0,60.0,0.0,0.0,0.0,0.0,5522.0,2122.0,2041.0,0.0,0.0,0.0,10.0,19.95,97.0,2.0,1.0,0.0,0.0,0.0,0.0,0.0,208.0,276.0,75.4,7.0,4.0,11.0,5.0,50421.0,19351.0,20593.0,113.0,6.2,0.4,447.0,22.476,82.6,9.0,8.4,0.0,0.0,0.0,0.0,0.0,87.0,112.0,77.5,4.0,0.0,9.0,2.0,19368.0,7418.0,8173.0,89.0,12.5,0.0,219.0,20.31,75.5,12.0,12.5,0.0,0.0,0.0,0.0,0.0,82.0,114.0,74.4,5.0,2.0,6.0,4.0,32760.0,13873.0,11668.0,386.0,39.4,7.2,322.0,22.984,81.8,8.8,9.4,0.0,0.0,0.0,0.0,0.0,-1
104,53,NED,2,36.0,46.0,78.0,0.0,0.0,1.0,0.0,4063.0,1621.0,1340.0,0.0,0.0,0.0,2.0,17.12,98.0,2.0,0.0,2.0,1.0,0.0,0.0,0.0,174.0,232.0,74.75,1.0,1.0,5.0,1.0,38765.0,14767.0,15200.0,52.0,3.75,1.25,336.0,24.3525,84.0,8.25,7.75,0.0,0.0,0.0,1.0,0.0,109.0,138.0,59.75,5.0,2.0,5.0,9.0,29244.0,10740.0,12192.0,183.0,11.75,0.5,231.0,20.8375,86.0,6.75,7.25,0.0,0.0,0.0,0.0,0.0,72.0,111.0,72.0,10.0,6.0,6.0,8.0,30952.0,12068.0,11329.0,372.0,33.0,7.0,388.0,21.784,81.4,8.2,10.4,0.0,1.0,0.0,0.0,3.0,1
105,53,SVK,1,24.0,39.0,62.0,0.0,0.0,0.0,1.0,4121.0,1478.0,1586.0,0.0,0.0,0.0,14.0,17.98,97.0,1.0,2.0,7.0,0.0,0.0,0.0,0.0,173.0,207.0,83.25,0.0,0.0,9.0,5.0,38641.0,14248.0,16019.0,57.0,2.75,0.5,329.0,22.225,84.25,8.0,7.75,0.0,1.0,0.0,2.0,0.0,138.0,198.0,69.66666666666667,6.0,1.0,7.0,5.0,44891.0,17177.0,18159.0,281.0,13.666666666666666,1.6666666666666667,391.0,22.371666666666666,78.66666666666667,10.333333333333334,11.0,0.0,2.0,0.0,1.0,0.0,31.0,60.0,51.0,6.0,2.0,3.0,5.0,18272.0,7220.0,6851.0,241.0,34.666666666666664,5.333333333333333,172.0,22.02333333333333,81.66666666666667,8.666666666666666,9.666666666666666,0.0,0.0,0.0,0.0,1.0,-1
106,54,BRA,3,16.0,34.0,47.0,0.0,0.0,0.0,0.0,3907.0,1409.0,1130.0,0.0,0.0,0.0,6.0,17.16,98.0,1.0,1.0,0.0,0.0,0.0,0.0,0.0,144.0,227.0,52.333333333333336,6.0,1.0,2.0,9.0,47778.0,17307.0,19353.0,125.0,6.0,1.1666666666666667,475.0,22.52333333333333,84.66666666666667,7.666666666666667,7.666666666666667,0.0,0.0,0.0,0.0,0.0,78.0,118.0,62.0,5.0,2.0,8.0,3.0,30927.0,11863.0,12643.0,161.0,12.0,2.75,271.0,21.682499999999997,82.0,8.75,9.25,0.0,0.0,0.0,0.0,0.0,44.0,72.0,61.0,5.0,3.0,4.0,5.0,17937.0,7888.0,6086.0,215.0,31.666666666666668,5.333333333333333,253.0,20.76,84.33333333333333,7.0,8.666666666666666,0.0,0.0,0.0,0.0,0.0,1
107,54,CHI,0,12.0,27.0,44.0,0.0,0.0,0.0,0.0,4500.0,1567.0,1618.0,0.0,0.0,0.0,4.0,18.09,98.0,1.0,1.0,0.0,0.0,0.0,0.0,0.0,105.0,146.0,74.5,1.0,0.0,4.0,0.0,30275.0,11200.0,12656.0,85.0,5.75,0.75,353.0,21.3975,83.75,7.75,8.5,0.0,0.0,0.0,0.0,0.0,138.0,205.0,68.8,4.0,0.0,10.0,9.0,37133.0,14370.0,15240.0,258.0,20.6,3.2,499.0,22.982,76.0,10.2,13.8,0.0,0.0,0.0,0.0,0.0,74.0,129.0,55.0,10.0,3.0,4.0,5.0,36654.0,15091.0,13511.0,283.0,34.25,5.5,417.0,25.6875,80.0,9.25,10.75,0.0,0.0,0.0,0.0,0.0,-1
108,55,JPN,3,8.0,35.0,23.0,0.0,0.0,0.0,0.0,5117.0,1544.0,2000.0,0.0,0.0,0.0,14.0,21.69,98.0,1.0,1.0,0.0,0.0,0.0,0.0,0.0,101.0,163.0,62.25,6.0,3.0,3.0,6.0,47386.0,13953.0,20438.0,60.0,5.5,1.25,442.0,23.68,85.75,6.5,7.75,0.0,0.0,0.0,0.0,0.0,98.0,184.0,51.5,4.0,2.0,19.0,10.0,60824.0,18582.0,26441.0,281.0,18.166666666666668,2.8333333333333335,639.0,24.3,81.5,8.5,10.0,0.0,0.0,0.0,0.0,0.0,18.0,46.0,36.333333333333336,2.0,0.0,7.0,7.0,19742.0,6389.0,7816.0,175.0,30.333333333333332,8.0,262.0,22.159999999999997,80.0,8.0,12.0,0.0,0.0,0.0,0.0,0.0,-1
109,55,PAR,5,33.0,47.0,70.0,0.0,0.0,0.0,1.0,5546.0,2193.0,1657.0,0.0,0.0,0.0,19.0,17.31,97.0,2.0,1.0,0.0,0.0,0.0,0.0,0.0,160.0,241.0,66.33333333333333,1.0,0.0,8.0,6.0,37187.0,14922.0,12256.0,66.0,8.0,2.0,393.0,22.75,82.66666666666667,8.0,9.333333333333334,0.0,0.0,0.0,0.0,0.0,131.0,225.0,58.2,4.0,2.0,8.0,10.0,53845.0,22239.0,17918.0,221.0,14.0,2.0,542.0,23.732,81.8,8.4,9.8,0.0,0.0,0.0,0.0,0.0,44.0,102.0,43.6,8.0,4.0,10.0,7.0,37951.0,15909.0,11383.0,380.0,38.6,9.8,433.0,22.77,84.2,7.4,8.4,0.0,0.0,0.0,0.0,0.0,1
110,56,ESP,1,30.0,34.0,88.0,0.0,0.0,0.0,0.0,3048.0,1186.0,1102.0,0.0,0.0,0.0,0.0,12.87,99.0,1.0,0.0,3.0,0.0,0.0,0.0,0.0,233.0,276.0,67.2,3.0,2.0,7.0,7.0,39459.0,18488.0,14205.0,106.0,5.8,1.0,422.0,22.84,74.8,9.2,16.0,0.0,0.0,0.0,2.0,0.0,315.0,364.0,86.0,5.0,1.0,5.0,7.0,44987.0,22214.0,15859.0,220.0,17.0,0.5,418.0,22.627499999999998,77.0,11.5,11.5,0.0,1.0,0.0,1.0,1.0,57.0,80.0,75.25,11.0,7.0,1.0,4.0,19616.0,10000.0,6124.0,281.0,38.0,7.0,238.0,20.285,81.5,7.75,10.75,0.0,0.0,0.0,1.0,3.0,1
111,56,POR,0,27.0,39.0,69.0,0.0,0.0,0.0,0.0,4452.0,1521.0,2007.0,0.0,0.0,0.0,8.0,14.77,97.0,1.0,2.0,9.0,0.0,0.0,0.0,0.0,140.0,181.0,78.25,0.0,0.0,6.0,5.0,40097.0,12989.0,20568.0,55.0,5.25,1.0,359.0,23.6325,82.75,9.0,8.25,0.0,0.0,1.0,3.0,3.0,96.0,144.0,69.0,2.0,1.0,6.0,3.0,34717.0,10577.0,18917.0,134.0,8.0,0.75,273.0,20.5025,73.25,13.75,13.0,0.0,1.0,0.0,0.0,1.0,52.0,89.0,58.2,7.0,2.0,6.0,5.0,33018.0,11622.0,15928.0,302.0,25.2,5.8,373.0,23.756,78.2,10.2,11.6,0.0,0.0,0.0,1.0,0.0,-1
112,57,BRA,1,24.0,38.0,63.0,0.0,0.0,0.0,0.0,4576.0,1486.0,1322.0,0.0,0.0,0.0,17.0,20.99,97.0,1.0,2.0,3.0,0.0,0.0,0.0,0.0,182.0,241.0,76.33333333333333,8.0,1.0,12.0,8.0,45343.0,15704.0,17310.0,159.0,8.5,2.0,454.0,21.61,86.33333333333333,6.5,7.166666666666667,0.0,1.0,0.0,3.0,0.0,80.0,101.0,79.0,4.0,2.0,4.0,5.0,27476.0,10124.0,10346.0,120.0,15.0,5.333333333333333,243.0,21.103333333333335,83.66666666666667,8.333333333333334,8.0,0.0,0.0,1.0,0.0,0.0,39.0,55.0,79.66666666666667,3.0,1.0,4.0,4.0,18804.0,7492.0,6743.0,239.0,39.0,9.333333333333334,222.0,23.72,83.33333333333333,7.333333333333333,9.333333333333334,0.0,0.0,0.0,0.0,0.0,-1
113,57,NED,2,19.0,32.0,59.0,0.0,0.0,0.0,1.0,3849.0,1355.0,1212.0,0.0,0.0,0.0,0.0,14.36,98.0,1.0,1.0,3.0,0.0,0.0,0.0,0.0,123.0,154.0,80.5,1.0,0.0,6.0,3.0,36735.0,12691.0,14395.0,55.0,3.25,1.25,336.0,21.155,84.75,7.75,7.5,0.0,3.0,0.0,0.0,0.0,91.0,122.0,74.66666666666667,5.0,4.0,11.0,6.0,27432.0,9432.0,10971.0,131.0,10.666666666666666,1.0,276.0,20.923333333333336,85.33333333333333,7.0,7.666666666666667,0.0,1.0,0.0,0.0,0.0,74.0,114.0,49.5,5.0,1.0,2.0,10.0,29672.0,10907.0,10384.0,288.0,34.5,6.0,345.0,25.0375,82.25,7.25,10.5,0.0,0.0,0.0,0.0,3.0,1
114,58,GHA,3,21.0,41.0,51.0,0.0,0.0,0.0,1.0,4786.0,1821.0,1410.0,0.0,0.0,0.0,13.0,18.36,97.0,1.0,2.0,0.0,0.0,0.0,0.0,0.0,138.0,247.0,56.8,1.0,0.0,12.0,9.0,56020.0,21033.0,20075.0,132.0,9.8,2.8,468.0,23.896,85.2,7.2,7.6,0.0,0.0,0.0,0.0,0.0,140.0,224.0,62.25,11.0,2.0,6.0,7.0,41161.0,16496.0,14109.0,207.0,19.75,2.5,368.0,21.28,84.0,8.25,7.75,0.0,0.0,0.0,0.0,0.0,51.0,103.0,48.666666666666664,14.0,6.0,5.0,5.0,29206.0,12013.0,9391.0,226.0,42.333333333333336,15.0,244.0,21.093333333333334,84.0,8.333333333333334,7.666666666666667,0.0,0.0,0.0,0.0,0.0,-1
115,58,URU,5,18.0,32.0,56.0,0.0,0.0,0.0,0.0,4339.0,1457.0,1344.0,0.0,0.0,0.0,3.0,16.62,98.0,1.0,1.0,0.0,0.0,0.0,0.0,0.0,107.0,184.0,62.0,2.0,1.0,5.0,6.0,50803.0,16464.0,20821.0,77.0,7.2,3.8,525.0,22.454,85.2,7.2,7.6,0.0,0.0,0.0,0.0,0.0,70.0,152.0,42.25,2.0,0.0,9.0,7.0,41463.0,13306.0,17667.0,169.0,15.25,2.75,403.0,23.7275,80.75,8.75,10.5,0.0,0.0,0.0,0.0,0.0,59.0,125.0,51.75,10.0,5.0,9.0,7.0,39135.0,14118.0,14376.0,285.0,34.0,8.75,446.0,24.21,84.5,7.5,8.0,0.0,0.0,0.0,0.0,0.0,1
116,59,ARG,0,15.0,21.0,71.0,0.0,0.0,0.0,0.0,3002.0,1198.0,1171.0,0.0,0.0,0.0,6.0,22.52,99.0,0.0,1.0,0.0,0.0,0.0,0.0,0.0,178.0,232.0,77.0,1.0,0.0,6.0,6.0,35843.0,14339.0,14361.0,95.0,5.75,1.0,407.0,24.509999999999998,83.25,8.0,8.75,0.0,0.0,0.0,0.0,0.0,148.0,205.0,67.5,7.0,2.0,10.0,4.0,32177.0,13514.0,12251.0,199.0,24.5,4.25,305.0,23.165,79.0,10.25,10.75,0.0,0.0,0.0,0.0,0.0,105.0,165.0,58.75,12.0,5.0,4.0,3.0,29463.0,13992.0,9380.0,302.0,39.5,8.75,277.0,25.3475,84.75,7.0,8.25,0.0,0.0,0.0,0.0,0.0,-1
117,59,GER,4,16.0,30.0,53.0,0.0,0.0,0.0,1.0,5128.0,1581.0,1869.0,0.0,0.0,0.0,14.0,20.83,97.0,2.0,1.0,0.0,0.0,0.0,0.0,0.0,110.0,156.0,70.25,1.0,1.0,1.0,5.0,35790.0,11862.0,16454.0,56.0,3.5,1.0,245.0,23.68,85.5,7.5,7.0,0.0,0.0,0.0,0.0,0.0,162.0,253.0,57.0,9.0,2.0,8.0,7.0,46824.0,16469.0,20449.0,280.0,16.0,2.4285714285714284,531.0,23.198571428571427,78.0,10.428571428571429,11.571428571428571,0.0,0.0,0.0,0.0,0.0,46.0,90.0,51.0,8.0,3.0,5.0,5.0,19114.0,7295.0,7811.0,116.0,28.5,5.5,203.0,23.555,84.5,7.0,8.5,0.0,0.0,0.0,0.0,0.0,1
118,60,ESP,1,27.0,37.0,73.0,0.0,0.0,0.0,0.0,3383.0,1363.0,1024.0,0.0,0.0,0.0,7.0,16.29,99.0,1.0,0.0,3.0,0.0,0.0,0.0,0.0,199.0,238.0,87.0,2.0,1.0,7.0,5.0,37267.0,16449.0,10912.0,93.0,7.4,2.4,319.0,23.982,86.2,7.0,6.8,0.0,1.0,0.0,1.0,0.0,270.0,337.0,80.6,9.0,2.0,4.0,13.0,44221.0,21132.0,12247.0,258.0,19.8,3.4,330.0,22.326,79.8,10.8,9.4,0.0,1.0,0.0,1.0,1.0,36.0,60.0,62.0,5.0,3.0,1.0,5.0,16216.0,7801.0,4013.0,254.0,42.0,8.666666666666666,156.0,22.74666666666667,84.33333333333333,7.0,8.666666666666666,0.0,0.0,0.0,0.0,2.0,1
119,60,PAR,0,10.0,29.0,34.0,0.0,0.0,0.0,0.0,4003.0,1000.0,1764.0,0.0,0.0,0.0,1.0,12.32,99.0,1.0,0.0,2.0,0.0,0.0,0.0,0.0,82.0,149.0,55.75,1.0,0.0,6.0,0.0,38424.0,9331.0,19200.0,35.0,2.0,0.5,356.0,23.247500000000002,84.5,7.75,7.75,1.0,2.0,0.0,3.0,1.0,73.0,123.0,60.6,3.0,1.0,14.0,6.0,42700.0,10236.0,22501.0,200.0,7.6,0.2,488.0,22.696,79.6,9.2,11.2,0.0,2.0,0.0,0.0,0.0,25.0,46.0,50.75,5.0,3.0,5.0,5.0,20562.0,6024.0,9211.0,327.0,33.5,5.5,209.0,27.3525,86.75,6.25,7.0,0.0,0.0,0.0,0.0,1.0,-1
120,61,NED,3,24.0,40.0,60.0,0.0,0.0,0.0,0.0,4191.0,1702.0,1398.0,0.0,0.0,0.0,7.0,24.4,98.0,1.0,1.0,3.0,0.0,0.0,0.0,0.0,143.0,226.0,63.0,2.0,1.0,6.0,4.0,39422.0,15404.0,15240.0,44.0,2.5,1.0,366.0,25.3725,83.5,8.0,8.5,1.0,1.0,0.0,1.0,0.0,138.0,197.0,68.75,4.0,3.0,4.0,6.0,32579.0,13480.0,12452.0,169.0,12.75,1.0,306.0,23.9375,78.0,10.5,11.5,0.0,2.0,0.0,1.0,1.0,85.0,147.0,42.5,5.0,3.0,6.0,3.0,32198.0,14046.0,10671.0,229.0,24.75,5.0,323.0,20.7025,83.0,7.25,9.75,0.0,0.0,0.0,0.0,1.0,1
121,61,URU,2,19.0,27.0,70.0,0.0,0.0,0.0,0.0,3422.0,1207.0,1308.0,0.0,0.0,0.0,5.0,17.44,99.0,1.0,0.0,4.0,0.0,0.0,0.0,0.0,146.0,238.0,61.5,2.0,1.0,5.0,10.0,41105.0,13749.0,18211.0,68.0,7.0,2.25,431.0,22.555,83.75,8.0,8.25,0.0,2.0,0.0,0.0,0.0,125.0,213.0,58.5,5.0,2.0,5.0,3.0,43169.0,15146.0,19418.0,177.0,13.25,2.0,442.0,24.3,79.25,9.5,11.25,0.0,0.0,0.0,2.0,1.0,36.0,87.0,46.5,5.0,3.0,5.0,2.0,22895.0,8914.0,9204.0,344.0,51.0,16.75,193.0,22.2575,82.0,8.5,9.5,0.0,0.0,0.0,0.0,1.0,-1
122,62,ESP,1,16.0,23.0,70.0,0.0,0.0,0.0,0.0,2830.0,1050.0,1316.0,0.0,0.0,0.0,2.0,14.81,99.0,0.0,1.0,2.0,0.0,0.0,0.0,0.0,209.0,252.0,66.2,3.0,1.0,4.0,2.0,39129.0,16578.0,17313.0,96.0,6.2,1.2,364.0,21.907999999999998,79.2,8.2,12.6,0.0,0.0,0.0,1.0,0.0,288.0,351.0,80.6,3.0,0.0,3.0,6.0,47107.0,20940.0,20602.0,260.0,21.4,3.6,445.0,21.024,75.0,11.2,13.8,0.0,0.0,0.0,0.0,1.0,77.0,105.0,57.333333333333336,7.0,4.0,0.0,1.0,20269.0,9057.0,8598.0,223.0,42.666666666666664,10.666666666666666,241.0,22.123333333333335,80.33333333333333,8.0,11.666666666666666,0.0,0.0,0.0,0.0,1.0,1
123,62,GER,0,24.0,38.0,63.0,0.0,0.0,0.0,0.0,5040.0,2080.0,2145.0,0.0,0.0,0.0,15.0,19.58,97.0,2.0,1.0,4.0,0.0,0.0,0.0,0.0,184.0,227.0,79.25,0.0,0.0,3.0,0.0,35735.0,13763.0,17518.0,60.0,5.5,1.25,288.0,24.1875,83.0,9.0,8.0,0.0,0.0,0.0,0.0,0.0,194.0,261.0,73.0,4.0,2.0,3.0,4.0,50209.0,20284.0,23893.0,266.0,17.333333333333332,1.8333333333333333,515.0,22.02333333333333,76.33333333333333,11.166666666666666,12.5,0.0,0.0,0.0,2.0,1.0,39.0,63.0,51.0,1.0,0.0,3.0,3.0,20740.0,8738.0,9169.0,208.0,39.333333333333336,11.666666666666666,213.0,21.95,84.0,7.0,9.0,0.0,0.0,0.0,0.0,0.0,-1
124,63,GER,3,14.0,35.0,40.0,0.0,0.0,0.0,0.0,4996.0,2112.0,1677.0,0.0,0.0,0.0,3.0,10.68,98.0,1.0,1.0,0.0,0.0,0.0,0.0,0.0,145.0,203.0,57.8,2.0,2.0,4.0,3.0,38857.0,15644.0,14829.0,78.0,3.4,1.2,271.0,19.648000000000003,85.2,7.6,7.2,0.0,0.0,0.0,0.0,0.0,206.0,317.0,56.333333333333336,12.0,4.0,5.0,8.0,53843.0,23521.0,19935.0,305.0,21.666666666666668,3.6666666666666665,599.0,24.71666666666667,78.5,10.333333333333334,11.166666666666666,0.0,0.0,0.0,0.0,0.0,28.0,36.0,84.5,4.0,1.0,2.0,1.0,10218.0,4551.0,3447.0,159.0,36.0,12.5,131.0,23.055,80.5,7.5,12.0,0.0,0.0,0.0,0.0,0.0,1
125,63,URU,2,12.0,23.0,52.0,0.0,0.0,0.0,0.0,3156.0,1064.0,1235.0,0.0,0.0,0.0,9.0,20.7,99.0,0.0,1.0,0.0,0.0,0.0,0.0,0.0,167.0,247.0,68.2,1.0,0.0,8.0,2.0,51043.0,17524.0,23002.0,118.0,8.0,1.6,650.0,22.954,82.8,7.6,9.6,0.0,0.0,0.0,0.0,0.0,66.0,109.0,62.333333333333336,0.0,0.0,4.0,4.0,20588.0,7103.0,9679.0,106.0,8.333333333333334,0.0,163.0,24.3,79.0,10.333333333333334,10.666666666666666,0.0,0.0,0.0,0.0,0.0,58.0,106.0,41.0,15.0,7.0,1.0,4.0,30972.0,12001.0,12635.0,312.0,37.75,10.75,351.0,23.25,82.75,8.0,9.25,0.0,0.0,0.0,0.0,0.0,-1
126,64,ESP,1,22.0,35.0,63.0,0.0,0.0,0.0,0.0,4520.0,1409.0,1469.0,0.0,0.0,0.0,12.0,20.81,98.0,1.0,1.0,5.0,0.0,0.0,0.0,0.0,212.0,266.0,80.25,4.0,2.0,4.0,6.0,49138.0,18355.0,16705.0,91.0,7.0,2.5,396.0,25.25,86.25,7.0,6.75,0.0,3.0,0.0,2.0,0.0,263.0,340.0,77.4,6.0,2.0,11.0,17.0,57416.0,23860.0,19038.0,255.0,16.2,1.2,513.0,22.756,78.0,10.8,11.2,0.0,2.0,0.0,1.0,1.0,45.0,74.0,62.25,9.0,2.0,4.0,5.0,25288.0,10475.0,7615.0,317.0,42.0,5.75,299.0,26.0975,85.25,6.5,8.25,0.0,0.0,0.0,0.0,1.0,1
127,64,NED,0,35.0,54.0,65.0,0.0,0.0,0.0,0.0,5701.0,2103.0,1779.0,0.0,0.0,0.0,6.0,15.3,97.0,2.0,1.0,3.0,0.0,0.0,0.0,0.0,124.0,193.0,63.4,1.0,0.0,12.0,3.0,48687.0,15244.0,20752.0,74.0,3.8,0.8,386.0,25.625999999999998,84.6,7.4,8.0,1.0,5.0,1.0,1.0,0.0,87.0,137.0,69.0,6.0,1.0,9.0,7.0,39036.0,11485.0,17497.0,159.0,13.0,1.75,335.0,24.275,82.0,8.25,9.75,0.0,2.0,0.0,1.0,1.0,48.0,91.0,50.75,6.0,4.0,7.0,8.0,40794.0,13224.0,16033.0,236.0,25.0,3.75,420.0,26.005,83.5,7.25,9.25,0.0,2.0,0.0,0.0,2.0,-1
