,DF_avg max speed,DF_distance in poss,DF_on-target,DF_red,DF_tackles suffered losing ball,DF_total passes,DF_yellow,FW_distance,FW_distance not in poss,FW_fouls suffered,FW_low activity,FW_on-target,FW_sprints,FW_time on opposite half,FW_total passes,FW_total shots,GK_avg max speed,GK_distance in poss,GK_fouls suffered,GK_low activity,GK_passes_succeed,GK_saves,GK_time on opposite third,GK_total passes,GK_yellow,MF_fouls suffered,MF_on-target,MF_passes accuracy,MF_red,MF_tackles gaining ball,MF_tackles suffered losing ball,MF_time on opposite half,MF_time on opposite pen,MF_time on opposite third
0,0.5333333333333314,13378.0,0.0,0.0,0.0,225.0,0.0,17594.0,4420.0,5.0,7.099999999999994,3.0,158.0,321.0,77.0,9.0,8.25,612.0,0.0,1.0,19.0,0.0,0.0,6.0,0.0,-7.0,-3.0,16.5,0.0,0.0,0.0,-67.0,-0.1999999999999999,9.0
1,-0.5333333333333314,-13378.0,0.0,0.0,0.0,-225.0,0.0,-17594.0,-4420.0,-5.0,-7.099999999999994,-3.0,-158.0,-321.0,-77.0,-9.0,-8.25,-612.0,0.0,-1.0,-19.0,0.0,0.0,-6.0,0.0,7.0,3.0,-16.5,0.0,0.0,0.0,67.0,0.1999999999999999,-9.0
2,1.8724999999999987,3215.0,-1.0,0.0,0.0,97.0,-1.0,7864.0,1212.0,-1.0,-1.5333333333333314,-1.0,139.0,230.0,54.0,5.0,-0.75,867.0,1.0,0.0,-2.0,0.0,0.0,-5.0,0.0,-10.0,2.0,18.25,-1.0,-1.0,2.0,63.0,1.8333333333333333,10.0
3,-1.8724999999999987,-3215.0,1.0,0.0,0.0,-97.0,1.0,-7864.0,-1212.0,1.0,1.5333333333333314,1.0,-139.0,-230.0,-54.0,-5.0,0.75,-867.0,-1.0,0.0,2.0,0.0,0.0,5.0,0.0,10.0,-2.0,-18.25,1.0,1.0,-2.0,-63.0,-1.8333333333333333,-10.0
4,-1.4675000000000011,1430.0,1.0,0.0,0.0,17.0,0.0,-1341.0,-3775.0,0.0,0.7000000000000028,5.0,73.0,0.0,82.0,9.0,0.2999999999999989,457.0,0.0,0.0,3.0,0.0,0.0,6.0,0.0,1.0,0.0,5.5,0.0,0.0,0.0,65.0,0.1,2.0
5,1.4675000000000011,-1430.0,-1.0,0.0,0.0,-17.0,0.0,1341.0,3775.0,0.0,-0.7000000000000028,-5.0,-73.0,0.0,-82.0,-9.0,-0.2999999999999989,-457.0,0.0,0.0,-3.0,0.0,0.0,-6.0,0.0,-1.0,0.0,-5.5,0.0,0.0,0.0,-65.0,-0.1,-2.0
6,-0.7134999999999998,1853.0,-1.0,0.0,0.0,42.0,0.0,19883.0,8122.0,2.0,6.900000000000006,-1.0,162.0,224.0,61.0,-2.0,0.8000000000000007,245.0,0.0,0.0,-6.0,0.0,0.0,-6.0,0.0,-3.0,-3.0,0.0,0.0,0.0,0.0,-175.0,-0.476190476190476,-1.2857142857142847
7,0.7134999999999998,-1853.0,1.0,0.0,0.0,-42.0,0.0,-19883.0,-8122.0,-2.0,-6.900000000000006,1.0,-162.0,-224.0,-61.0,2.0,-0.8000000000000007,-245.0,0.0,0.0,6.0,0.0,0.0,6.0,0.0,3.0,3.0,0.0,0.0,0.0,0.0,175.0,0.476190476190476,1.2857142857142847
8,-1.751999999999999,3135.0,1.0,0.0,0.0,75.0,0.0,46.0,-1268.0,3.0,1.0,1.0,37.0,20.0,19.0,3.0,10.57,21.0,0.0,-1.0,13.0,0.0,0.0,3.0,0.0,0.0,2.0,9.400000000000006,0.0,0.0,0.0,33.0,1.2,7.199999999999999
9,1.751999999999999,-3135.0,-1.0,0.0,0.0,-75.0,0.0,-46.0,1268.0,-3.0,-1.0,-1.0,-37.0,-20.0,-19.0,-3.0,-10.57,-21.0,0.0,1.0,-13.0,0.0,0.0,-3.0,0.0,0.0,-2.0,-9.400000000000006,0.0,0.0,0.0,-33.0,-1.2,-7.199999999999999
10,1.067499999999999,-1529.0,1.0,0.0,0.0,-35.0,0.0,-12839.0,-4616.0,-3.0,-3.4166666666666714,0.0,-59.0,-77.0,-36.0,2.0,1.8299999999999983,-100.0,1.0,-1.0,-16.0,0.0,0.0,-6.0,0.0,-1.0,-3.0,5.400000000000006,0.0,0.0,0.0,31.0,1.4,3.133333333333333
11,-1.067499999999999,1529.0,-1.0,0.0,0.0,35.0,0.0,12839.0,4616.0,3.0,3.4166666666666714,0.0,59.0,77.0,36.0,-2.0,-1.8299999999999983,100.0,-1.0,1.0,16.0,0.0,0.0,6.0,0.0,1.0,3.0,-5.400000000000006,0.0,0.0,0.0,-31.0,-1.4,-3.133333333333333
12,2.4925,-984.0,0.0,0.0,0.0,-54.0,0.0,2479.0,3002.0,-1.0,-5.0,-4.0,50.0,-2.0,-5.0,-3.0,0.7799999999999994,-882.0,-1.0,0.0,-1.0,0.0,0.0,2.0,0.0,-7.0,-4.0,4.199999999999989,0.0,0.0,0.0,-42.0,-1.2000000000000002,-5.4
13,-2.4925,984.0,0.0,0.0,0.0,54.0,0.0,-2479.0,-3002.0,1.0,5.0,4.0,-50.0,2.0,5.0,3.0,-0.7799999999999994,882.0,1.0,0.0,1.0,0.0,0.0,-2.0,0.0,7.0,4.0,-4.199999999999989,0.0,0.0,0.0,42.0,1.2000000000000002,5.4
14,1.6400000000000006,-686.0,0.0,0.0,0.0,-19.0,0.0,11337.0,6215.0,2.0,-4.833333333333329,3.0,88.0,0.0,55.0,7.0,-3.59,-1246.0,0.0,0.0,-11.0,0.0,0.0,-9.0,0.0,-3.0,-2.0,8.650000000000006,0.0,0.0,0.0,-21.0,0.5499999999999998,3.0500000000000007
15,-1.6400000000000006,686.0,0.0,0.0,0.0,19.0,0.0,-11337.0,-6215.0,-2.0,4.833333333333329,-3.0,-88.0,0.0,-55.0,-7.0,3.59,1246.0,0.0,0.0,11.0,0.0,0.0,9.0,0.0,3.0,2.0,-8.650000000000006,0.0,0.0,0.0,21.0,-0.5499999999999998,-3.0500000000000007
16,0.6600000000000001,-3316.0,1.0,0.0,-1.0,-53.0,1.0,-51.0,1548.0,1.0,3.666666666666672,-2.0,-47.0,68.0,-24.0,-2.0,4.099999999999998,-308.0,0.0,0.0,-6.0,0.0,0.0,-8.0,0.0,-15.0,-3.0,-23.9,0.0,2.0,-1.0,-101.0,0.1666666666666667,0.7333333333333343
17,-0.6600000000000001,3316.0,-1.0,0.0,1.0,53.0,-1.0,51.0,-1548.0,-1.0,-3.666666666666672,2.0,47.0,-68.0,24.0,2.0,-4.099999999999998,308.0,0.0,0.0,6.0,0.0,0.0,8.0,0.0,15.0,3.0,23.9,0.0,-2.0,1.0,101.0,-0.1666666666666667,-0.7333333333333343
18,-4.5505,4141.0,1.0,0.0,0.0,69.0,1.0,17885.0,3736.0,2.0,8.866666666666674,1.0,81.0,240.0,74.0,8.0,4.899999999999999,503.0,0.0,-2.0,17.0,0.0,1.0,17.0,0.0,-9.0,-3.0,26.0,0.0,0.0,0.0,-111.0,0.6666666666666667,-2.666666666666668
19,4.5505,-4141.0,-1.0,0.0,0.0,-69.0,-1.0,-17885.0,-3736.0,-2.0,-8.866666666666674,-1.0,-81.0,-240.0,-74.0,-8.0,-4.899999999999999,-503.0,0.0,2.0,-17.0,0.0,-1.0,-17.0,0.0,9.0,3.0,-26.0,0.0,0.0,0.0,111.0,-0.6666666666666667,2.666666666666668
20,-0.7650000000000006,2140.0,-1.0,0.0,0.0,74.0,0.0,626.0,-576.0,0.0,-2.5,0.0,34.0,-35.0,-5.0,0.0,-9.825,-204.0,0.0,0.5,0.0,0.0,0.0,-11.0,0.0,1.0,5.0,0.8000000000000043,0.0,0.0,0.0,107.0,3.4000000000000004,14.2
21,0.7650000000000006,-2140.0,1.0,0.0,0.0,-74.0,0.0,-626.0,576.0,0.0,2.5,0.0,-34.0,35.0,5.0,0.0,9.825,204.0,0.0,-0.5,0.0,0.0,0.0,11.0,0.0,-1.0,-5.0,-0.8000000000000043,0.0,0.0,0.0,-107.0,-3.4000000000000004,-14.2
22,4.138999999999999,3692.0,1.0,0.0,0.0,-2.0,0.0,1440.0,125.0,-1.0,0.5,0.0,-48.0,22.0,11.0,-1.0,3.1900000000000013,332.0,0.0,-1.0,2.0,0.0,0.0,11.0,0.0,-1.0,-2.0,22.200000000000003,0.0,0.0,0.0,-58.0,-1.0,3.0
23,-4.138999999999999,-3692.0,-1.0,0.0,0.0,2.0,0.0,-1440.0,-125.0,1.0,-0.5,0.0,48.0,-22.0,-11.0,1.0,-3.1900000000000013,-332.0,0.0,1.0,-2.0,0.0,0.0,-11.0,0.0,1.0,2.0,-22.200000000000003,0.0,0.0,0.0,58.0,1.0,-3.0
24,0.8425000000000011,351.0,0.0,0.0,0.0,-80.0,0.0,-1273.0,-90.0,-3.0,3.3499999999999943,-1.0,30.0,40.0,-3.0,-2.0,-6.100000000000001,-647.0,0.0,2.0,-11.0,0.0,0.0,-9.0,0.0,-3.0,0.0,-9.25,0.0,0.0,0.0,-86.0,1.95,-1.9499999999999995
25,-0.8425000000000011,-351.0,0.0,0.0,0.0,80.0,0.0,1273.0,90.0,3.0,-3.3499999999999943,1.0,-30.0,-40.0,3.0,2.0,6.100000000000001,647.0,0.0,-2.0,11.0,0.0,0.0,9.0,0.0,3.0,0.0,9.25,0.0,0.0,0.0,86.0,-1.95,1.9499999999999995
26,3.0859999999999985,3730.0,2.0,0.0,2.0,193.0,0.0,610.0,-3361.0,2.0,0.1666666666666714,2.0,41.0,130.0,30.0,5.0,-4.810000000000002,658.0,0.0,0.0,-2.0,0.0,0.0,-16.0,0.0,0.0,3.0,21.40000000000001,0.0,-3.0,1.0,145.0,-0.4500000000000002,10.1
27,-3.0859999999999985,-3730.0,-2.0,0.0,-2.0,-193.0,0.0,-610.0,3361.0,-2.0,-0.1666666666666714,-2.0,-41.0,-130.0,-30.0,-5.0,4.810000000000002,-658.0,0.0,0.0,2.0,0.0,0.0,16.0,0.0,0.0,-3.0,-21.40000000000001,0.0,3.0,-1.0,-145.0,0.4500000000000002,-10.1
28,-3.8119999999999976,1901.0,2.0,0.0,-1.0,25.0,0.0,-4843.0,-3811.0,3.0,-0.5833333333333286,1.0,-85.0,-89.0,21.0,5.0,-1.9600000000000009,734.0,0.0,-1.0,7.0,0.0,0.0,0.0,0.0,-3.0,0.0,13.200000000000005,0.0,0.0,3.0,37.0,3.6,9.599999999999998
29,3.8119999999999976,-1901.0,-2.0,0.0,1.0,-25.0,0.0,4843.0,3811.0,-3.0,0.5833333333333286,-1.0,85.0,89.0,-21.0,-5.0,1.9600000000000009,-734.0,0.0,1.0,-7.0,0.0,0.0,0.0,0.0,3.0,0.0,-13.200000000000005,0.0,0.0,-3.0,-37.0,-3.6,-9.599999999999998
30,0.1658333333333317,8219.0,1.0,0.0,0.0,165.0,-2.0,-3247.0,-5583.0,1.0,-3.75,1.0,-47.0,253.0,8.0,6.0,-5.860000000000001,-276.0,0.0,6.0,-3.0,0.0,0.0,-17.0,-1.0,10.0,3.0,11.399999999999991,0.0,0.0,2.0,226.0,3.6,25.8
31,-0.1658333333333317,-8219.0,-1.0,0.0,0.0,-165.0,2.0,3247.0,5583.0,-1.0,3.75,-1.0,47.0,-253.0,-8.0,-6.0,5.860000000000001,276.0,0.0,-6.0,3.0,0.0,0.0,17.0,1.0,-10.0,-3.0,-11.399999999999991,0.0,0.0,-2.0,-226.0,-3.6,-25.8
32,0.8924999999999983,1680.0,0.0,0.0,0.0,42.0,0.0,-20666.0,-9166.0,-9.0,6.0,-4.0,-280.0,-208.0,-93.0,-11.0,-3.1450000000000014,172.0,0.0,-1.5,5.0,0.0,0.0,11.0,0.0,7.0,1.0,32.866666666666674,0.0,0.0,0.0,88.0,0.8666666666666665,2.3000000000000007
33,-0.8924999999999983,-1680.0,0.0,0.0,0.0,-42.0,0.0,20666.0,9166.0,9.0,-6.0,4.0,280.0,208.0,93.0,11.0,3.1450000000000014,-172.0,0.0,1.5,-5.0,0.0,0.0,-11.0,0.0,-7.0,-1.0,-32.866666666666674,0.0,0.0,0.0,-88.0,-0.8666666666666665,-2.3000000000000007
34,0.5633333333333361,-7174.0,-2.0,0.0,-1.0,-53.0,-2.0,-4983.0,-1484.0,-2.0,-0.3333333333333286,0.0,-62.0,28.0,6.0,3.0,2.9000000000000004,-382.0,-1.0,1.0,0.0,0.0,0.0,1.0,0.0,8.0,1.0,-14.333333333333329,0.0,1.0,1.0,153.0,3.6666666666666665,19.0
35,-0.5633333333333361,7174.0,2.0,0.0,1.0,53.0,2.0,4983.0,1484.0,2.0,0.3333333333333286,0.0,62.0,-28.0,-6.0,-3.0,-2.9000000000000004,382.0,1.0,-1.0,0.0,0.0,0.0,-1.0,0.0,-8.0,-1.0,14.333333333333329,0.0,-1.0,-1.0,-153.0,-3.6666666666666665,-19.0
36,3.423333333333339,3608.0,1.0,0.0,0.0,13.0,0.0,4538.0,-203.0,-1.0,0.0,4.0,117.0,54.0,6.0,5.0,-1.2399999999999984,973.0,0.0,-1.0,-1.0,0.0,0.0,-9.0,0.0,0.0,2.0,-4.25,0.0,0.0,0.0,66.0,1.0,12.0
37,-3.423333333333339,-3608.0,-1.0,0.0,0.0,-13.0,0.0,-4538.0,203.0,1.0,0.0,-4.0,-117.0,-54.0,-6.0,-5.0,1.2399999999999984,-973.0,0.0,1.0,1.0,0.0,0.0,9.0,0.0,0.0,-2.0,4.25,0.0,0.0,0.0,-66.0,-1.0,-12.0
38,1.0524999999999984,-2334.0,0.0,0.0,0.0,8.0,0.0,16699.0,4961.0,7.0,4.25,10.0,202.0,122.0,83.0,16.0,1.089999999999998,-269.0,0.0,0.0,-4.0,0.0,0.0,0.0,0.0,-6.0,-1.0,13.200000000000005,0.0,0.0,0.0,-79.0,-1.133333333333333,-4.300000000000001
39,-1.0524999999999984,2334.0,0.0,0.0,0.0,-8.0,0.0,-16699.0,-4961.0,-7.0,-4.25,-10.0,-202.0,-122.0,-83.0,-16.0,-1.089999999999998,269.0,0.0,0.0,4.0,0.0,0.0,0.0,0.0,6.0,1.0,-13.200000000000005,0.0,0.0,0.0,79.0,1.133333333333333,4.300000000000001
40,-0.625,2112.0,0.0,0.0,0.0,83.0,0.0,5172.0,857.0,3.0,6.5,0.0,82.0,188.0,28.0,5.0,1.8999999999999984,-275.0,-1.0,0.0,17.0,0.0,0.0,-9.0,0.0,-6.0,1.0,-5.314285714285703,0.0,0.0,0.0,-36.0,2.314285714285714,11.02857142857143
41,0.625,-2112.0,0.0,0.0,0.0,-83.0,0.0,-5172.0,-857.0,-3.0,-6.5,0.0,-82.0,-188.0,-28.0,-5.0,-1.8999999999999984,275.0,1.0,0.0,-17.0,0.0,0.0,9.0,0.0,6.0,-1.0,5.314285714285703,0.0,0.0,0.0,36.0,-2.314285714285714,-11.02857142857143
42,1.9399999999999975,691.0,0.0,0.0,0.0,-21.0,0.0,5786.0,2031.0,2.0,0.4166666666666714,1.0,43.0,83.0,20.0,1.0,-2.9499999999999997,-432.0,0.0,2.0,-3.0,0.0,0.0,3.0,0.0,1.0,-3.0,-17.366666666666674,0.0,0.0,0.0,-43.0,-3.133333333333333,-3.566666666666668
43,-1.9399999999999975,-691.0,0.0,0.0,0.0,21.0,0.0,-5786.0,-2031.0,-2.0,-0.4166666666666714,-1.0,-43.0,-83.0,-20.0,-1.0,2.9499999999999997,432.0,0.0,-2.0,3.0,0.0,0.0,-3.0,0.0,-1.0,3.0,17.366666666666674,0.0,0.0,0.0,43.0,3.133333333333333,3.566666666666668
44,-2.5680000000000014,446.0,0.0,0.0,0.0,-37.0,0.0,-13791.267725467951,-5810.55133295519,-0.9347702779353376,2.726035167328419,-0.6245036868973342,-133.1474758933636,-268.7328417470221,-39.510493477027794,-3.982983550765741,-1.6099999999999994,-245.0,0.0,1.0,-23.0,0.0,0.0,-7.0,0.0,3.0,-4.0,-1.9749999999999943,0.0,0.0,0.0,185.0,1.075,3.3000000000000007
45,2.5680000000000014,-446.0,0.0,0.0,0.0,37.0,0.0,13791.267725467951,5810.55133295519,0.9347702779353376,-2.726035167328419,0.6245036868973342,133.1474758933636,268.7328417470221,39.510493477027794,3.982983550765741,1.6099999999999994,245.0,0.0,-1.0,23.0,0.0,0.0,7.0,0.0,-3.0,4.0,1.9749999999999943,0.0,0.0,0.0,-185.0,-1.075,-3.3000000000000007
46,1.597999999999999,1801.0,1.0,0.0,0.0,7.0,0.0,-8905.0,-2587.0,2.0,0.2000000000000028,-2.0,-27.0,-7.0,-56.0,-9.0,-1.509999999999998,163.0,-1.0,0.0,6.0,0.0,0.0,16.0,0.0,-1.0,0.0,0.0,0.0,0.0,0.0,-107.0,-2.583333333333333,-7.833333333333334
47,-1.597999999999999,-1801.0,-1.0,0.0,0.0,-7.0,0.0,8905.0,2587.0,-2.0,-0.2000000000000028,2.0,27.0,7.0,56.0,9.0,1.509999999999998,-163.0,1.0,0.0,-6.0,0.0,0.0,-16.0,0.0,1.0,0.0,0.0,0.0,0.0,0.0,107.0,2.583333333333333,7.833333333333334
48,1.5375000000000014,-6950.0,0.0,0.0,0.0,-115.0,-1.0,-10046.0,-523.0,-3.0,-2.9166666666666714,0.0,-42.0,-111.0,-59.0,1.0,-8.209999999999999,-739.0,0.0,1.0,-21.0,0.0,0.0,-27.0,0.0,3.0,-2.0,-13.96666666666666,0.0,0.0,3.0,-8.0,-0.2333333333333331,-3.433333333333336
49,-1.5375000000000014,6950.0,0.0,0.0,0.0,115.0,1.0,10046.0,523.0,3.0,2.9166666666666714,0.0,42.0,111.0,59.0,-1.0,8.209999999999999,739.0,0.0,-1.0,21.0,0.0,0.0,27.0,0.0,-3.0,2.0,13.96666666666666,0.0,0.0,-3.0,8.0,0.2333333333333331,3.433333333333336
50,-0.0874999999999985,5084.0,2.0,0.0,-1.0,108.0,1.0,-6626.0,-4516.0,-1.0,1.0,-1.0,-41.0,206.0,18.0,7.0,3.369999999999999,143.0,0.0,0.0,-3.0,-3.0,0.0,-11.0,-1.0,0.0,1.0,12.066666666666675,0.0,-1.0,-1.0,1.0,2.6,12.2
51,0.0874999999999985,-5084.0,-2.0,0.0,1.0,-108.0,-1.0,6626.0,4516.0,1.0,-1.0,1.0,41.0,-206.0,-18.0,-7.0,-3.369999999999999,-143.0,0.0,0.0,3.0,3.0,0.0,11.0,1.0,0.0,-1.0,-12.066666666666675,0.0,1.0,1.0,-1.0,-2.6,-12.2
52,-1.8350000000000009,-3944.0,0.0,0.0,0.0,-34.0,0.0,8310.0,3346.0,1.0,-0.1666666666666714,1.0,84.0,105.0,28.0,4.0,7.799999999999999,-243.0,0.0,-1.0,-4.0,0.0,0.0,-14.0,0.0,1.0,3.0,-12.0,0.0,0.0,0.0,12.0,1.2000000000000002,-1.4000000000000004
53,1.8350000000000009,3944.0,0.0,0.0,0.0,34.0,0.0,-8310.0,-3346.0,-1.0,0.1666666666666714,-1.0,-84.0,-105.0,-28.0,-4.0,-7.799999999999999,243.0,0.0,1.0,4.0,0.0,0.0,14.0,0.0,-1.0,-3.0,12.0,0.0,0.0,0.0,-12.0,-1.2000000000000002,1.4000000000000004
54,1.372,3854.0,0.0,0.0,0.0,106.0,0.0,-9029.0,-7973.0,-1.0,1.0,1.0,-50.0,164.0,-10.0,4.0,4.870000000000001,-210.0,-1.0,1.0,3.0,0.0,0.0,-18.0,0.0,4.0,5.0,39.45,0.0,0.0,0.0,205.0,5.8,18.55
55,-1.372,-3854.0,0.0,0.0,0.0,-106.0,0.0,9029.0,7973.0,1.0,-1.0,-1.0,50.0,-164.0,10.0,-4.0,-4.870000000000001,210.0,1.0,-1.0,-3.0,0.0,0.0,18.0,0.0,-4.0,-5.0,-39.45,0.0,0.0,0.0,-205.0,-5.8,-18.55
56,3.3000000000000007,2405.0,2.0,0.0,0.0,88.0,0.0,-10226.0,-5390.0,1.0,-0.2000000000000028,0.0,-89.0,-192.0,-22.0,-1.0,-2.210000000000001,625.0,0.0,-1.0,7.0,0.0,0.0,12.0,0.0,1.0,0.0,-21.4,0.0,0.0,0.0,105.0,0.7,1.5
57,-3.3000000000000007,-2405.0,-2.0,0.0,0.0,-88.0,0.0,10226.0,5390.0,-1.0,0.2000000000000028,0.0,89.0,192.0,22.0,1.0,2.210000000000001,-625.0,0.0,1.0,-7.0,0.0,0.0,-12.0,0.0,-1.0,0.0,21.4,0.0,0.0,0.0,-105.0,-0.7,-1.5
58,-0.7026666666666657,2081.0,1.0,0.0,-1.0,25.0,-1.0,11083.0,1722.0,-3.0,-4.5,4.0,182.0,151.0,39.0,5.0,-2.710000000000001,800.0,-1.0,0.0,-5.0,0.0,0.0,-8.0,0.0,-8.0,4.0,0.8499999999999943,0.0,2.0,0.0,-35.0,0.25,-0.75
59,0.7026666666666657,-2081.0,-1.0,0.0,1.0,-25.0,1.0,-11083.0,-1722.0,3.0,4.5,-4.0,-182.0,-151.0,-39.0,-5.0,2.710000000000001,-800.0,1.0,0.0,5.0,0.0,0.0,8.0,0.0,8.0,-4.0,-0.8499999999999943,0.0,-2.0,0.0,35.0,-0.25,0.75
60,0.5775000000000006,6770.0,-1.0,0.0,0.0,139.0,0.0,18482.0,3269.0,9.0,1.0999999999999943,5.0,322.0,86.0,77.0,13.0,-3.1999999999999997,504.0,0.0,-1.0,10.0,0.0,0.0,-22.0,0.0,6.0,2.0,0.9000000000000057,0.0,0.0,0.0,-2.0,2.25,9.7
61,-0.5775000000000006,-6770.0,1.0,0.0,0.0,-139.0,0.0,-18482.0,-3269.0,-9.0,-1.0999999999999943,-5.0,-322.0,-86.0,-77.0,-13.0,3.1999999999999997,-504.0,0.0,1.0,-10.0,0.0,0.0,22.0,0.0,-6.0,-2.0,-0.9000000000000057,0.0,0.0,0.0,2.0,-2.25,-9.7
62,1.9925000000000035,3522.0,0.0,0.0,1.0,41.0,-1.0,2474.0,-2189.0,1.0,-3.75,6.0,102.0,76.0,55.0,12.0,0.5799999999999983,-340.0,0.0,1.0,-4.0,-3.0,0.0,-15.0,0.0,5.0,1.0,-1.3499999999999943,0.0,0.0,1.0,27.0,1.95,10.45
63,-1.9925000000000035,-3522.0,0.0,0.0,-1.0,-41.0,1.0,-2474.0,2189.0,-1.0,3.75,-6.0,-102.0,-76.0,-55.0,-12.0,-0.5799999999999983,340.0,0.0,-1.0,4.0,3.0,0.0,15.0,0.0,-5.0,-1.0,1.3499999999999943,0.0,0.0,-1.0,-27.0,-1.95,-10.45
64,0.6620000000000026,8307.0,-1.0,0.0,0.0,187.0,0.0,2571.0,-3585.0,0.0,2.2666666666666657,-3.0,-71.0,204.0,33.0,-3.0,4.44,1477.0,0.0,-3.0,16.0,0.0,0.0,13.0,0.0,-7.0,1.0,29.75,0.0,0.0,0.0,3.0,-0.9166666666666669,3.416666666666668
65,-0.6620000000000026,-8307.0,1.0,0.0,0.0,-187.0,0.0,-2571.0,3585.0,0.0,-2.2666666666666657,3.0,71.0,-204.0,-33.0,3.0,-4.44,-1477.0,0.0,3.0,-16.0,0.0,0.0,-13.0,0.0,7.0,-1.0,-29.75,0.0,0.0,0.0,-3.0,0.9166666666666669,-3.416666666666668
66,-0.7020000000000017,682.0,-1.0,0.0,1.0,30.0,0.0,5492.0,1724.0,5.0,1.2666666666666655,-3.0,83.0,107.0,8.0,1.0,-0.9700000000000024,183.0,-1.0,0.0,-4.0,0.0,0.0,-2.0,0.0,1.0,-2.0,-0.2999999999999971,1.0,-5.0,0.0,-78.0,-0.2000000000000001,-7.0
67,0.7020000000000017,-682.0,1.0,0.0,-1.0,-30.0,0.0,-5492.0,-1724.0,-5.0,-1.2666666666666655,3.0,-83.0,-107.0,-8.0,-1.0,0.9700000000000024,-183.0,1.0,0.0,4.0,0.0,0.0,2.0,0.0,-1.0,2.0,0.2999999999999971,-1.0,5.0,0.0,78.0,0.2000000000000001,7.0
68,-0.8440000000000012,1581.0,3.0,0.0,0.0,31.0,0.0,-14083.0,-5195.0,-2.0,1.0,1.0,-127.0,-210.0,-58.0,-3.0,5.76,600.0,0.0,0.0,-4.0,0.0,0.0,-7.0,0.0,5.0,0.0,2.5,0.0,0.0,0.0,174.0,1.9642857142857133,5.464285714285715
69,0.8440000000000012,-1581.0,-3.0,0.0,0.0,-31.0,0.0,14083.0,5195.0,2.0,-1.0,-1.0,127.0,210.0,58.0,3.0,-5.76,-600.0,0.0,0.0,4.0,0.0,0.0,7.0,0.0,-5.0,0.0,-2.5,0.0,0.0,0.0,-174.0,-1.9642857142857133,-5.464285714285715
70,0.6374999999999993,5875.0,1.0,0.0,0.0,135.0,0.0,16654.0,1537.0,3.0,-1.25,6.0,175.0,294.0,120.0,7.0,-1.0199999999999996,522.0,0.0,1.0,3.0,0.0,3.0,-9.0,0.0,0.0,2.0,28.099999999999994,0.0,0.0,0.0,164.0,3.6,19.55
71,-0.6374999999999993,-5875.0,-1.0,0.0,0.0,-135.0,0.0,-16654.0,-1537.0,-3.0,1.25,-6.0,-175.0,-294.0,-120.0,-7.0,1.0199999999999996,-522.0,0.0,-1.0,-3.0,0.0,-3.0,9.0,0.0,0.0,-2.0,-28.099999999999994,0.0,0.0,0.0,-164.0,-3.6,-19.55
72,0.4150000000000027,3626.0,1.0,0.0,0.0,87.0,0.0,-4020.0,-3313.0,-5.0,-1.4166666666666714,4.0,11.0,-45.0,-8.0,4.0,-3.960000000000001,468.0,0.0,0.0,4.0,0.0,0.0,-4.0,0.0,1.0,-3.0,7.650000000000006,0.0,0.0,0.0,132.0,1.1,12.35
73,-0.4150000000000027,-3626.0,-1.0,0.0,0.0,-87.0,0.0,4020.0,3313.0,5.0,1.4166666666666714,-4.0,-11.0,45.0,8.0,-4.0,3.960000000000001,-468.0,0.0,0.0,-4.0,0.0,0.0,4.0,0.0,-1.0,3.0,-7.650000000000006,0.0,0.0,0.0,-132.0,-1.1,-12.35
74,1.3299999999999983,-588.0,0.0,0.0,0.0,-2.0,0.0,-6624.0,-2205.0,-6.0,-3.0,0.0,-63.0,-42.0,-14.0,0.0,0.8900000000000006,-523.0,0.0,1.0,-8.0,0.0,0.0,-6.0,0.0,-7.0,-6.0,-3.666666666666672,0.0,0.0,0.0,-50.0,-2.1666666666666665,-5.333333333333329
75,-1.3299999999999983,588.0,0.0,0.0,0.0,2.0,0.0,6624.0,2205.0,6.0,3.0,0.0,63.0,42.0,14.0,0.0,-0.8900000000000006,523.0,0.0,-1.0,8.0,0.0,0.0,6.0,0.0,7.0,6.0,3.666666666666672,0.0,0.0,0.0,50.0,2.1666666666666665,5.333333333333329
76,2.0749999999999997,3576.0,0.0,0.0,0.0,76.0,0.0,-7848.0,-6324.0,3.0,2.9000000000000057,0.0,-1.0,-209.0,2.0,-2.0,-0.3100000000000023,844.0,0.0,-1.0,11.0,0.0,0.0,-17.0,0.0,2.0,1.0,2.9285714285714306,0.0,0.0,0.0,121.0,1.1428571428571428,2.678571428571427
77,-2.0749999999999997,-3576.0,0.0,0.0,0.0,-76.0,0.0,7848.0,6324.0,-3.0,-2.9000000000000057,0.0,1.0,209.0,-2.0,2.0,0.3100000000000023,-844.0,0.0,1.0,-11.0,0.0,0.0,17.0,0.0,-2.0,-1.0,-2.9285714285714306,0.0,0.0,0.0,-121.0,-1.1428571428571428,-2.678571428571427
78,-2.3945000000000007,-2974.0,-1.0,0.0,0.0,-68.0,0.0,23758.0,13113.0,1.0,-7.466666666666669,5.0,346.0,51.0,85.0,7.0,-3.650000000000002,-1080.0,0.0,0.0,4.0,0.0,0.0,25.0,0.0,-12.0,-3.0,6.666666666666671,0.0,0.0,0.0,-261.0,-2.5,-13.666666666666666
79,2.3945000000000007,2974.0,1.0,0.0,0.0,68.0,0.0,-23758.0,-13113.0,-1.0,7.466666666666669,-5.0,-346.0,-51.0,-85.0,-7.0,3.650000000000002,1080.0,0.0,0.0,-4.0,0.0,0.0,-25.0,0.0,12.0,3.0,-6.666666666666671,0.0,0.0,0.0,261.0,2.5,13.666666666666666
80,1.663999999999998,2274.0,1.0,0.0,0.0,50.0,0.0,5202.0,25.0,2.0,-3.333333333333343,3.0,25.0,90.0,19.0,7.0,-4.860000000000001,-16.0,-1.0,0.0,6.0,0.0,0.0,-9.0,0.0,1.0,-2.0,19.4,0.0,0.0,0.0,8.0,0.0,0.7999999999999989
81,-1.663999999999998,-2274.0,-1.0,0.0,0.0,-50.0,0.0,-5202.0,-25.0,-2.0,3.333333333333343,-3.0,-25.0,-90.0,-19.0,-7.0,4.860000000000001,16.0,1.0,0.0,-6.0,0.0,0.0,9.0,0.0,-1.0,2.0,-19.4,0.0,0.0,0.0,-8.0,0.0,-0.7999999999999989
82,-2.7829999999999977,-3019.0,0.0,0.0,0.0,-149.0,0.0,1109.0,4421.0,-1.0,-4.200000000000003,-4.0,-7.0,-78.0,-32.0,-6.0,1.1899999999999995,-109.0,0.0,0.0,0.0,0.0,0.0,23.0,0.0,-4.0,-1.0,-6.833333333333329,0.0,0.0,0.0,-102.0,-1.0,-10.166666666666666
83,2.7829999999999977,3019.0,0.0,0.0,0.0,149.0,0.0,-1109.0,-4421.0,1.0,4.200000000000003,4.0,7.0,78.0,32.0,6.0,-1.1899999999999995,109.0,0.0,0.0,0.0,0.0,0.0,-23.0,0.0,4.0,1.0,6.833333333333329,0.0,0.0,0.0,102.0,1.0,10.166666666666666
84,2.257000000000001,1889.0,-1.0,0.0,0.0,123.0,0.0,18625.0,3775.0,1.0,10.25,0.0,85.0,228.0,77.0,4.0,4.66,187.0,-1.0,-2.0,11.0,0.0,0.0,1.0,0.0,-9.0,-2.0,4.033333333333331,0.0,0.0,0.0,-1.0,0.9333333333333332,0.5333333333333314
85,-2.257000000000001,-1889.0,1.0,0.0,0.0,-123.0,0.0,-18625.0,-3775.0,-1.0,-10.25,0.0,-85.0,-228.0,-77.0,-4.0,-4.66,-187.0,1.0,2.0,-11.0,0.0,0.0,-1.0,0.0,9.0,2.0,-4.033333333333331,0.0,0.0,0.0,1.0,-0.9333333333333332,-0.5333333333333314
86,-0.3478571428571442,9353.0,1.0,0.0,0.0,126.0,1.0,-477.0,-1267.0,-2.0,1.25,-4.0,-64.0,-8.0,-19.0,-4.0,0.2800000000000011,141.0,0.0,-1.0,11.0,3.0,0.0,19.0,0.0,-4.0,-2.0,5.75,0.0,0.0,0.0,-56.0,1.75,10.0
87,0.3478571428571442,-9353.0,-1.0,0.0,0.0,-126.0,-1.0,477.0,1267.0,2.0,-1.25,4.0,64.0,8.0,19.0,4.0,-0.2800000000000011,-141.0,0.0,1.0,-11.0,-3.0,0.0,-19.0,0.0,4.0,2.0,-5.75,0.0,0.0,0.0,56.0,-1.75,-10.0
88,1.978000000000001,9199.0,2.0,0.0,0.0,175.0,0.0,-6354.0,-6946.0,-4.0,4.0,-1.0,-154.0,105.0,-19.0,-3.0,4.02,66.0,0.0,1.0,1.0,0.0,0.0,-3.0,0.0,-4.0,1.0,13.800000000000011,0.0,0.0,0.0,171.0,0.6,12.4
89,-1.978000000000001,-9199.0,-2.0,0.0,0.0,-175.0,0.0,6354.0,6946.0,4.0,-4.0,1.0,154.0,-105.0,19.0,3.0,-4.02,-66.0,0.0,-1.0,-1.0,0.0,0.0,3.0,0.0,4.0,-1.0,-13.800000000000011,0.0,0.0,0.0,-171.0,-0.6,-12.4
90,-0.4046666666666674,600.0,2.0,0.0,0.0,38.0,0.0,9388.0,-886.0,-2.0,1.5,4.0,110.0,351.0,30.0,9.0,5.600000000000001,110.0,0.0,0.0,-2.0,-5.0,0.0,-10.0,0.0,-1.0,5.0,15.333333333333345,0.0,0.0,-1.0,127.0,2.0,12.416666666666668
91,0.4046666666666674,-600.0,-2.0,0.0,0.0,-38.0,0.0,-9388.0,886.0,2.0,-1.5,-4.0,-110.0,-351.0,-30.0,-9.0,-5.600000000000001,-110.0,0.0,0.0,2.0,5.0,0.0,10.0,0.0,1.0,-5.0,-15.333333333333345,0.0,0.0,1.0,-127.0,-2.0,-12.416666666666668
92,-0.8924999999999983,-2711.0,0.0,0.0,-2.0,-113.0,2.0,15863.0,9183.0,1.0,-5.099999999999994,0.0,229.0,68.0,38.0,1.0,-5.400000000000002,820.0,0.0,-2.0,6.0,-2.0,0.0,22.0,0.0,-7.0,1.0,-16.75,1.0,-5.0,-1.0,-168.0,1.4166666666666667,2.5
93,0.8924999999999983,2711.0,0.0,0.0,2.0,113.0,-2.0,-15863.0,-9183.0,-1.0,5.099999999999994,0.0,-229.0,-68.0,-38.0,-1.0,5.400000000000002,-820.0,0.0,2.0,-6.0,2.0,0.0,-22.0,0.0,7.0,-1.0,16.75,-1.0,5.0,1.0,168.0,-1.4166666666666667,-2.5
94,-3.1125000000000007,-6395.0,1.0,0.0,0.0,-67.0,1.0,-5315.0,160.0,-2.0,-0.3333333333333286,-1.0,-16.0,-106.0,-16.0,-2.0,-3.3299999999999983,-1257.0,0.0,2.0,-11.0,3.0,0.0,-10.0,0.0,-2.0,-3.0,-15.0,0.0,2.0,1.0,-148.0,-2.833333333333333,-16.499999999999993
95,3.1125000000000007,6395.0,-1.0,0.0,0.0,67.0,-1.0,5315.0,-160.0,2.0,0.3333333333333286,1.0,16.0,106.0,16.0,2.0,3.3299999999999983,1257.0,0.0,-2.0,11.0,-3.0,0.0,10.0,0.0,2.0,3.0,15.0,0.0,-2.0,-1.0,148.0,2.833333333333333,16.499999999999993
96,1.2334999999999994,4737.0,0.0,0.0,0.0,87.0,0.0,-17428.0,-8978.0,-1.0,2.0,-6.0,-260.0,-29.0,-66.0,-2.0,-2.959999999999999,535.0,0.0,1.0,-3.0,0.0,0.0,-15.0,0.0,5.0,3.0,17.766666666666673,0.0,0.0,0.0,196.0,3.233333333333333,17.46666666666667
97,-1.2334999999999994,-4737.0,0.0,0.0,0.0,-87.0,0.0,17428.0,8978.0,1.0,-2.0,6.0,260.0,29.0,66.0,2.0,2.959999999999999,-535.0,0.0,-1.0,3.0,0.0,0.0,15.0,0.0,-5.0,-3.0,-17.766666666666673,0.0,0.0,0.0,-196.0,-3.233333333333333,-17.46666666666667
98,3.103333333333328,4738.0,0.0,0.0,0.0,63.0,0.0,2765.0,1095.0,-1.0,2.8333333333333286,3.0,-41.0,-130.0,58.0,8.0,0.5100000000000016,-185.0,0.0,1.0,-7.0,0.0,0.0,0.0,0.0,-5.0,-3.0,5.13333333333334,0.0,0.0,0.0,-53.0,-3.2,-3.866666666666667
99,-3.103333333333328,-4738.0,0.0,0.0,0.0,-63.0,0.0,-2765.0,-1095.0,1.0,-2.8333333333333286,-3.0,41.0,130.0,-58.0,-8.0,-0.5100000000000016,185.0,0.0,-1.0,7.0,0.0,0.0,0.0,0.0,5.0,3.0,-5.13333333333334,0.0,0.0,0.0,53.0,3.2,3.866666666666667
100,1.2349999999999994,-238.0,1.0,0.0,0.0,52.0,0.0,-1125.0,29.0,3.0,1.5,-3.0,-12.0,-45.0,5.0,-6.0,-4.639999999999999,-442.0,0.0,1.0,-1.0,0.0,0.0,-1.0,0.0,-2.0,4.0,-12.733333333333348,0.0,0.0,0.0,44.0,-0.7000000000000002,-0.3999999999999986
101,-1.2349999999999994,238.0,-1.0,0.0,0.0,-52.0,0.0,1125.0,-29.0,-3.0,-1.5,3.0,12.0,45.0,-5.0,6.0,4.639999999999999,442.0,0.0,-1.0,1.0,0.0,0.0,1.0,0.0,2.0,-4.0,12.733333333333348,0.0,0.0,0.0,-44.0,0.7000000000000002,0.3999999999999986
102,0.0440000000000004,-6203.0,-4.0,0.0,0.0,-72.0,0.0,-6977.0,-1983.0,4.0,3.866666666666674,3.0,-58.0,-164.0,-2.0,3.0,-6.84,-869.0,0.0,1.0,5.0,0.0,0.0,12.0,0.0,7.0,1.0,-8.5,0.0,0.0,0.0,134.0,0.1666666666666666,-0.5
103,-0.0440000000000004,6203.0,4.0,0.0,0.0,72.0,0.0,6977.0,1983.0,-4.0,-3.866666666666674,-3.0,58.0,164.0,2.0,-3.0,6.84,869.0,0.0,-1.0,-5.0,0.0,0.0,-12.0,0.0,-7.0,-1.0,8.5,0.0,0.0,0.0,-134.0,-0.1666666666666666,0.5
104,2.1274999999999977,519.0,1.0,0.0,0.0,25.0,-1.0,12680.0,4478.0,3.0,-0.2666666666666657,4.0,216.0,131.0,51.0,4.0,-0.8599999999999994,143.0,-1.0,1.0,12.0,-5.0,0.0,7.0,1.0,4.0,1.0,-9.916666666666671,0.0,-1.0,0.0,-98.0,-1.1666666666666667,-1.916666666666666
105,-2.1274999999999977,-519.0,-1.0,0.0,0.0,-25.0,1.0,-12680.0,-4478.0,-3.0,0.2666666666666657,-4.0,-216.0,-131.0,-51.0,-4.0,0.8599999999999994,-143.0,1.0,-1.0,-12.0,5.0,0.0,-7.0,-1.0,-4.0,-1.0,9.916666666666671,0.0,1.0,0.0,98.0,1.1666666666666667,1.916666666666666
106,1.125833333333329,6107.0,1.0,0.0,0.0,81.0,0.0,-18717.0,-7425.0,0.0,4.333333333333329,0.0,-164.0,-68.0,-57.0,-5.0,-0.9299999999999996,-158.0,0.0,0.0,4.0,0.0,0.0,7.0,0.0,-6.0,2.0,-6.799999999999997,0.0,0.0,0.0,-97.0,-0.4500000000000002,-8.600000000000001
107,-1.125833333333329,-6107.0,-1.0,0.0,0.0,-81.0,0.0,18717.0,7425.0,0.0,-4.333333333333329,0.0,164.0,68.0,57.0,5.0,0.9299999999999996,158.0,0.0,0.0,-4.0,0.0,0.0,-7.0,0.0,6.0,-2.0,6.799999999999997,0.0,0.0,0.0,97.0,0.4500000000000002,8.600000000000001
108,0.9299999999999996,-969.0,3.0,0.0,0.0,-78.0,0.0,-18209.0,-3567.0,0.0,-4.200000000000003,-4.0,-171.0,-205.0,-56.0,-6.0,4.380000000000003,-649.0,-1.0,1.0,-25.0,0.0,0.0,-12.0,0.0,0.0,0.0,-6.700000000000003,0.0,0.0,0.0,60.0,0.833333333333333,4.166666666666668
109,-0.9299999999999996,969.0,-3.0,0.0,0.0,78.0,0.0,18209.0,3567.0,0.0,4.200000000000003,4.0,171.0,205.0,56.0,6.0,-4.380000000000003,649.0,1.0,-1.0,25.0,0.0,0.0,12.0,0.0,0.0,0.0,6.700000000000003,0.0,0.0,0.0,-60.0,-0.833333333333333,-4.166666666666668
110,-0.7925000000000004,5499.0,2.0,-1.0,-3.0,95.0,0.0,-13402.0,-9804.0,-1.0,3.299999999999997,5.0,-135.0,-21.0,-9.0,4.0,-1.9000000000000004,-335.0,0.0,2.0,3.0,-6.0,0.0,-5.0,0.0,4.0,0.0,17.0,0.0,1.0,0.0,86.0,-0.25,9.0
111,0.7925000000000004,-5499.0,-2.0,1.0,3.0,-95.0,0.0,13402.0,9804.0,1.0,-3.299999999999997,-5.0,135.0,21.0,9.0,-4.0,1.9000000000000004,335.0,0.0,-2.0,-3.0,6.0,0.0,5.0,0.0,-4.0,0.0,-17.0,0.0,-1.0,0.0,-86.0,0.25,-9.0
112,0.4549999999999983,3013.0,1.0,0.0,0.0,87.0,-2.0,-10868.0,-3641.0,-6.0,1.0833333333333286,0.0,-123.0,-49.0,-59.0,-2.0,6.629999999999999,131.0,-1.0,-1.0,5.0,0.0,0.0,6.0,0.0,-1.0,-2.0,4.333333333333329,1.0,0.0,0.0,-11.0,4.333333333333333,4.333333333333334
113,-0.4549999999999983,-3013.0,-1.0,0.0,0.0,-87.0,2.0,10868.0,3641.0,6.0,-1.0833333333333286,0.0,123.0,49.0,59.0,2.0,-6.629999999999999,-131.0,1.0,1.0,-5.0,0.0,0.0,-6.0,0.0,1.0,2.0,-4.333333333333329,-1.0,0.0,0.0,11.0,-4.333333333333333,-4.333333333333334
114,1.4420000000000002,4569.0,-1.0,0.0,0.0,63.0,0.0,-9929.0,-4985.0,-2.0,-0.5,1.0,-202.0,-59.0,-22.0,4.0,1.7399999999999984,364.0,1.0,-1.0,3.0,0.0,0.0,9.0,0.0,0.0,2.0,20.0,0.0,0.0,0.0,38.0,-0.25,4.5
115,-1.4420000000000002,-4569.0,1.0,0.0,0.0,-63.0,0.0,9929.0,4985.0,2.0,0.5,-1.0,202.0,59.0,22.0,-4.0,-1.7399999999999984,-364.0,-1.0,1.0,-3.0,0.0,0.0,-9.0,0.0,0.0,-2.0,-20.0,0.0,0.0,0.0,-38.0,0.25,-4.5
116,0.8300000000000018,2477.0,-1.0,0.0,0.0,76.0,0.0,10349.0,1569.0,-2.0,0.25,2.0,74.0,186.0,75.0,4.0,1.6900000000000013,-383.0,-1.0,2.0,-1.0,0.0,0.0,-9.0,0.0,-3.0,0.0,10.5,0.0,0.0,0.0,-81.0,1.821428571428572,8.5
117,-0.8300000000000018,-2477.0,1.0,0.0,0.0,-76.0,0.0,-10349.0,-1569.0,2.0,-0.25,-2.0,-74.0,-186.0,-75.0,-4.0,-1.6900000000000013,383.0,1.0,-2.0,1.0,0.0,0.0,9.0,0.0,3.0,0.0,-10.5,0.0,0.0,0.0,81.0,-1.821428571428572,-8.5
118,0.7345000000000006,7118.0,1.0,0.0,-1.0,89.0,-1.0,-4346.0,-5198.0,0.0,-2.4166666666666714,0.0,-53.0,-73.0,14.0,0.0,3.969999999999999,363.0,0.0,0.0,17.0,1.0,0.0,8.0,0.0,7.0,1.0,19.999999999999996,0.0,1.0,1.0,58.0,3.2,12.2
119,-0.7345000000000006,-7118.0,-1.0,0.0,1.0,-89.0,1.0,4346.0,5198.0,0.0,2.4166666666666714,0.0,53.0,73.0,-14.0,0.0,-3.969999999999999,-363.0,0.0,0.0,-17.0,-1.0,0.0,-8.0,0.0,-7.0,-1.0,-19.999999999999996,0.0,-1.0,-1.0,-58.0,-3.2,-12.2
120,2.817499999999999,1655.0,0.0,0.0,0.0,-12.0,-1.0,9303.0,1467.0,1.0,1.0,0.0,130.0,-115.0,60.0,0.0,6.959999999999997,495.0,0.0,-1.0,5.0,-1.0,0.0,13.0,0.0,3.0,1.0,10.25,0.0,-1.0,0.0,-8.0,-1.0,-0.5
121,-2.817499999999999,-1655.0,0.0,0.0,0.0,12.0,1.0,-9303.0,-1467.0,-1.0,-1.0,0.0,-130.0,115.0,-60.0,0.0,-6.959999999999997,-495.0,0.0,1.0,-5.0,1.0,0.0,-13.0,0.0,-3.0,-1.0,-10.25,0.0,1.0,0.0,8.0,1.0,0.5
122,-2.2794999999999987,2815.0,1.0,0.0,0.0,25.0,0.0,-471.0,-571.0,-2.0,-3.666666666666672,4.0,28.0,15.0,42.0,6.0,-4.769999999999998,-1030.0,0.0,2.0,-8.0,-2.0,0.0,-15.0,0.0,2.0,-2.0,7.599999999999994,0.0,-2.0,0.0,-6.0,1.7666666666666668,4.066666666666666
123,2.2794999999999987,-2815.0,-1.0,0.0,0.0,-25.0,0.0,471.0,571.0,2.0,3.666666666666672,-4.0,-28.0,-15.0,-42.0,-6.0,4.769999999999998,1030.0,0.0,-2.0,8.0,2.0,0.0,15.0,0.0,-2.0,2.0,-7.599999999999994,0.0,2.0,0.0,6.0,-1.7666666666666668,-4.066666666666666
124,-3.3059999999999974,-1880.0,2.0,0.0,0.0,-44.0,0.0,-20754.0,-9188.0,-3.0,-2.25,-6.0,-220.0,-153.0,-70.0,-11.0,-10.02,1048.0,0.0,-1.0,2.0,0.0,0.0,12.0,0.0,4.0,4.0,-6.0,0.0,0.0,0.0,199.0,3.6666666666666665,13.333333333333334
125,3.3059999999999974,1880.0,-2.0,0.0,0.0,44.0,0.0,20754.0,9188.0,3.0,2.25,6.0,220.0,153.0,70.0,11.0,10.02,-1048.0,0.0,1.0,-2.0,0.0,0.0,-12.0,0.0,-4.0,-4.0,6.0,0.0,0.0,0.0,-199.0,-3.6666666666666665,-13.333333333333334
126,-0.3760000000000012,3111.0,2.0,-1.0,0.0,73.0,-2.0,-15506.0,-8418.0,-3.0,1.75,-2.0,-121.0,81.0,-17.0,3.0,5.509999999999998,-694.0,0.0,1.0,-13.0,2.0,0.0,-19.0,0.0,10.0,1.0,8.400000000000006,0.0,0.0,0.0,96.0,-0.55,3.1999999999999997
127,0.3760000000000012,-3111.0,-2.0,1.0,0.0,-73.0,2.0,15506.0,8418.0,3.0,-1.75,2.0,121.0,-81.0,17.0,-3.0,-5.509999999999998,694.0,0.0,-1.0,13.0,-2.0,0.0,19.0,0.0,-10.0,-1.0,-8.400000000000006,0.0,0.0,0.0,-96.0,0.55,-3.1999999999999997
128,1.4175000000000004,2806.0,2.0,0.0,1.0,143.0,-2.0,6147.0,-713.0,5.0,2.75,3.0,11.0,127.0,43.0,4.0,9.14,285.0,1.0,-1.0,-1.0,0.0,0.0,-2.0,0.0,6.0,0.0,-17.0,0.0,0.0,0.0,59.0,7.799999999999999,13.400000000000002
129,-1.4175000000000004,-2806.0,-2.0,0.0,-1.0,-143.0,2.0,-6147.0,713.0,-5.0,-2.75,-3.0,-11.0,-127.0,-43.0,-4.0,-9.14,-285.0,-1.0,1.0,1.0,0.0,0.0,2.0,0.0,-6.0,0.0,17.0,0.0,0.0,0.0,-59.0,-7.799999999999999,-13.400000000000002
130,1.568285714285718,-10984.0,0.0,0.0,0.0,-192.0,0.0,10065.0,5596.0,-3.0,1.25,-1.0,1.0,55.0,20.0,0.0,5.289999999999999,-267.0,0.0,1.0,-7.0,2.0,0.0,-1.0,0.0,3.0,0.0,5.666666666666671,0.0,0.0,0.0,-1.0,-1.6666666666666663,1.3333333333333286
131,-1.568285714285718,10984.0,0.0,0.0,0.0,192.0,0.0,-10065.0,-5596.0,3.0,-1.25,1.0,-1.0,-55.0,-20.0,0.0,-5.289999999999999,267.0,0.0,-1.0,7.0,-2.0,0.0,1.0,0.0,-3.0,0.0,-5.666666666666671,0.0,0.0,0.0,1.0,1.6666666666666663,-1.3333333333333286
132,2.634999999999998,-6457.0,-1.0,0.0,0.0,-4.0,0.0,-7515.0,-3445.0,3.0,1.3333333333333428,-4.0,-40.0,30.0,-17.0,-4.0,-0.7900000000000009,-767.0,0.0,1.0,-9.0,0.0,0.0,-20.0,0.0,6.0,0.0,13.785714285714292,0.0,0.0,0.0,179.0,2.0357142857142856,4.321428571428573
133,-2.634999999999998,6457.0,1.0,0.0,0.0,4.0,0.0,7515.0,3445.0,-3.0,-1.3333333333333428,4.0,40.0,-30.0,17.0,4.0,0.7900000000000009,767.0,0.0,-1.0,9.0,0.0,0.0,20.0,0.0,-6.0,0.0,-13.785714285714292,0.0,0.0,0.0,-179.0,-2.0357142857142856,-4.321428571428573
134,-0.5364999999999966,-6522.0,-2.0,0.0,-1.0,-163.0,0.0,5162.0,5251.0,-5.0,-2.666666666666657,0.0,-14.0,-42.0,-3.0,3.0,-7.34,-609.0,0.0,-1.0,-4.0,-1.0,0.0,-13.0,0.0,-2.0,-1.0,-5.933333333333323,0.0,1.0,0.0,-110.0,-0.9666666666666665,-4.43333333333333
135,0.5364999999999966,6522.0,2.0,0.0,1.0,163.0,0.0,-5162.0,-5251.0,5.0,2.666666666666657,0.0,14.0,42.0,3.0,-3.0,7.34,609.0,0.0,1.0,4.0,1.0,0.0,13.0,0.0,2.0,1.0,5.933333333333323,0.0,-1.0,0.0,110.0,0.9666666666666665,4.43333333333333
136,-0.5500000000000007,102.0,1.0,0.0,0.0,-28.0,0.0,-9961.0,-3119.0,-2.0,-0.4000000000000057,-2.0,7.0,-135.0,-36.0,-4.0,4.569999999999999,-586.0,0.0,-1.0,7.0,0.0,0.0,15.0,0.0,-1.0,2.0,-2.0,0.0,0.0,0.0,25.0,-0.0499999999999998,-2.3000000000000007
137,0.5500000000000007,-102.0,-1.0,0.0,0.0,28.0,0.0,9961.0,3119.0,2.0,0.4000000000000057,2.0,-7.0,135.0,36.0,4.0,-4.569999999999999,586.0,0.0,1.0,-7.0,0.0,0.0,-15.0,0.0,1.0,-2.0,2.0,0.0,0.0,0.0,-25.0,0.0499999999999998,2.3000000000000007
138,-1.682500000000001,1652.0,2.0,0.0,0.0,95.0,0.0,-12357.0,-8671.0,-1.0,4.166666666666671,4.0,-68.0,-103.0,-59.0,10.0,-5.32,-230.0,0.0,1.0,3.0,-2.0,0.0,-2.0,0.0,5.0,0.0,6.166666666666671,0.0,0.0,1.0,112.0,3.25,13.5
139,1.682500000000001,-1652.0,-2.0,0.0,0.0,-95.0,0.0,12357.0,8671.0,1.0,-4.166666666666671,-4.0,68.0,103.0,59.0,-10.0,5.32,230.0,0.0,-1.0,-3.0,2.0,0.0,2.0,0.0,-5.0,0.0,-6.166666666666671,0.0,0.0,-1.0,-112.0,-3.25,-13.5
140,-0.0404999999999979,2960.0,1.0,0.0,0.0,10.0,0.0,-10313.0,-3320.0,7.0,2.6666666666666714,-1.0,-27.0,-67.0,-12.0,0.0,3.3800000000000026,466.0,0.0,-1.0,-1.0,0.0,0.0,3.0,0.0,-2.0,-1.0,-20.6,0.0,0.0,0.0,38.0,0.1999999999999997,10.0
141,0.0404999999999979,-2960.0,-1.0,0.0,0.0,-10.0,0.0,10313.0,3320.0,-7.0,-2.6666666666666714,1.0,27.0,67.0,12.0,0.0,-3.3800000000000026,-466.0,0.0,1.0,1.0,0.0,0.0,-3.0,0.0,2.0,1.0,20.6,0.0,0.0,0.0,-38.0,-0.1999999999999997,-10.0
142,0.8974999999999973,-1827.0,0.0,0.0,0.0,23.0,0.0,16451.0,7337.0,3.0,2.0,0.0,47.0,90.0,64.0,4.0,3.4200000000000017,-391.0,0.0,-1.0,-16.0,0.0,0.0,-17.0,0.0,1.0,3.0,-5.071428571428569,0.0,0.0,0.0,141.0,4.9523809523809526,23.738095238095227
143,-0.8974999999999973,1827.0,0.0,0.0,0.0,-23.0,0.0,-16451.0,-7337.0,-3.0,-2.0,0.0,-47.0,-90.0,-64.0,-4.0,-3.4200000000000017,391.0,0.0,1.0,16.0,0.0,0.0,17.0,0.0,-1.0,-3.0,5.071428571428569,0.0,0.0,0.0,-141.0,-4.9523809523809526,-23.738095238095227
144,-2.086666666666673,-7742.0,-1.0,0.0,0.0,-143.0,0.0,1506.0,2126.0,0.0,4.666666666666657,-2.0,3.0,-46.0,7.0,-1.0,-1.620000000000001,-1133.0,0.0,3.0,-3.0,0.0,0.0,-2.0,0.0,-2.0,-3.0,-5.266666666666666,0.0,0.0,0.0,-56.0,-5.5,-11.7
145,2.086666666666673,7742.0,1.0,0.0,0.0,143.0,0.0,-1506.0,-2126.0,0.0,-4.666666666666657,2.0,-3.0,46.0,-7.0,1.0,1.620000000000001,1133.0,0.0,-3.0,3.0,0.0,0.0,2.0,0.0,2.0,3.0,5.266666666666666,0.0,0.0,0.0,56.0,5.5,11.7
146,1.9125000000000012,9209.0,2.0,0.0,1.0,155.0,1.0,7357.0,-1097.0,-1.0,-1.1666666666666714,6.0,18.0,166.0,42.0,10.0,10.19,1214.0,0.0,0.0,-2.0,-1.0,0.0,-7.0,0.0,-1.0,0.0,17.64285714285714,0.0,-3.0,0.0,240.0,6.69047619047619,25.97619047619047
147,-1.9125000000000012,-9209.0,-2.0,0.0,-1.0,-155.0,-1.0,-7357.0,1097.0,1.0,1.1666666666666714,-6.0,-18.0,-166.0,-42.0,-10.0,-10.19,-1214.0,0.0,0.0,2.0,1.0,0.0,7.0,0.0,1.0,0.0,-17.64285714285714,0.0,3.0,0.0,-240.0,-6.69047619047619,-25.97619047619047
148,-1.6499999999999986,6411.0,1.0,0.0,0.0,99.0,0.0,6527.0,938.0,2.0,10.333333333333329,-1.0,43.0,18.0,70.0,3.0,5.149999999999999,-364.0,0.0,1.0,7.0,2.0,0.0,5.0,0.0,-5.0,-6.0,1.1714285714285635,0.0,0.0,-1.0,-83.0,-1.371428571428572,-6.057142857142857
149,1.6499999999999986,-6411.0,-1.0,0.0,0.0,-99.0,0.0,-6527.0,-938.0,-2.0,-10.333333333333329,1.0,-43.0,-18.0,-70.0,-3.0,-5.149999999999999,364.0,0.0,-1.0,-7.0,-2.0,0.0,-5.0,0.0,5.0,6.0,-1.1714285714285635,0.0,0.0,1.0,83.0,1.371428571428572,6.057142857142857
150,-0.3064999999999998,-5507.0,0.0,0.0,0.0,-146.0,0.0,1319.0,5566.0,8.0,-6.200000000000003,-3.0,14.0,-174.0,-4.0,-2.0,6.59,376.0,1.0,0.0,-11.0,0.0,0.0,2.0,0.0,-8.0,0.0,-8.666666666666671,0.0,0.0,0.0,-76.0,-1.6666666666666663,-10.333333333333329
151,0.3064999999999998,5507.0,0.0,0.0,0.0,146.0,0.0,-1319.0,-5566.0,-8.0,6.200000000000003,3.0,-14.0,174.0,4.0,2.0,-6.59,-376.0,-1.0,0.0,11.0,0.0,0.0,-2.0,0.0,8.0,0.0,8.666666666666671,0.0,0.0,0.0,76.0,1.6666666666666663,10.333333333333329
152,0.6810000000000009,729.0,1.0,-1.0,-2.0,11.0,-1.0,-2650.0,-1537.0,-2.0,-6.25,-3.0,21.0,-47.0,-16.0,-5.0,-3.030000000000001,-211.0,0.0,1.0,5.0,2.0,0.0,0.0,0.0,5.0,2.0,2.0833333333333286,0.0,0.0,0.0,81.0,1.4166666666666667,8.416666666666666
153,-0.6810000000000009,-729.0,-1.0,1.0,2.0,-11.0,1.0,2650.0,1537.0,2.0,6.25,3.0,-21.0,47.0,16.0,5.0,3.030000000000001,211.0,0.0,-1.0,-5.0,-2.0,0.0,0.0,0.0,-5.0,-2.0,-2.0833333333333286,0.0,0.0,0.0,-81.0,-1.4166666666666667,-8.416666666666666
154,1.095333333333329,95.0,-1.0,0.0,0.0,28.0,0.0,-1757.0,-3253.0,1.0,2.0,-1.0,23.0,56.0,12.0,4.0,3.959999999999999,373.0,0.0,1.0,-13.0,0.0,0.0,-24.0,0.0,2.0,3.0,9.057142857142864,0.0,0.0,0.0,216.0,2.4571428571428573,10.171428571428573
155,-1.095333333333329,-95.0,1.0,0.0,0.0,-28.0,0.0,1757.0,3253.0,-1.0,-2.0,1.0,-23.0,-56.0,-12.0,-4.0,-3.959999999999999,-373.0,0.0,-1.0,13.0,0.0,0.0,24.0,0.0,-2.0,-3.0,-9.057142857142864,0.0,0.0,0.0,-216.0,-2.4571428571428573,-10.171428571428573
156,2.557500000000001,-6653.0,-1.0,0.0,0.0,-163.0,0.0,21861.0,12082.0,8.0,-2.0,0.0,69.0,34.0,45.0,1.0,-5.150000000000002,-692.0,0.0,0.0,0.0,0.0,0.0,17.0,0.0,-6.0,-8.0,-2.8214285714285694,0.0,0.0,0.0,-408.0,-4.821428571428571,-33.46428571428572
157,-2.557500000000001,6653.0,1.0,0.0,0.0,163.0,0.0,-21861.0,-12082.0,-8.0,2.0,0.0,-69.0,-34.0,-45.0,-1.0,5.150000000000002,692.0,0.0,0.0,0.0,0.0,0.0,-17.0,0.0,6.0,8.0,2.8214285714285694,0.0,0.0,0.0,408.0,4.821428571428571,33.46428571428572
158,-0.8404999999999987,-1132.0,-2.0,0.0,0.0,-30.0,0.0,-10940.0,-5037.0,1.0,-2.0,0.0,-41.0,-65.0,-32.0,-3.0,-4.469999999999999,154.0,1.0,0.0,-7.0,0.0,0.0,-2.0,0.0,2.0,-2.0,7.599999999999994,0.0,0.0,0.0,-31.0,-1.0,-3.0
159,0.8404999999999987,1132.0,2.0,0.0,0.0,30.0,0.0,10940.0,5037.0,-1.0,2.0,0.0,41.0,65.0,32.0,3.0,4.469999999999999,-154.0,-1.0,0.0,7.0,0.0,0.0,2.0,0.0,-2.0,2.0,-7.599999999999994,0.0,0.0,0.0,31.0,1.0,3.0
160,-1.0275000000000034,-6566.0,2.0,0.0,0.0,2.0,0.0,5505.0,1528.0,3.0,1.75,1.0,6.0,17.0,31.0,2.0,-3.0600000000000005,-260.0,0.0,1.0,-1.0,0.0,0.0,-8.0,0.0,6.0,2.0,-4.799999999999997,0.0,0.0,0.0,127.0,5.133333333333333,10.0
161,1.0275000000000034,6566.0,-2.0,0.0,0.0,-2.0,0.0,-5505.0,-1528.0,-3.0,-1.75,-1.0,-6.0,-17.0,-31.0,-2.0,3.0600000000000005,260.0,0.0,-1.0,1.0,0.0,0.0,8.0,0.0,-6.0,-2.0,4.799999999999997,0.0,0.0,0.0,-127.0,-5.133333333333333,-10.0
162,1.5025000000000013,-5113.0,-3.0,0.0,0.0,-80.0,0.0,3368.0,2494.0,2.0,3.25,-1.0,-18.0,31.0,23.0,2.0,-0.4700000000000024,-132.0,0.0,-1.0,-4.0,5.0,0.0,-7.0,0.0,-2.0,-3.0,-8.599999999999994,1.0,0.0,-1.0,-9.0,1.3999999999999997,-1.0
163,-1.5025000000000013,5113.0,3.0,0.0,0.0,80.0,0.0,-3368.0,-2494.0,-2.0,-3.25,1.0,18.0,-31.0,-23.0,-2.0,0.4700000000000024,132.0,0.0,1.0,4.0,-5.0,0.0,7.0,0.0,2.0,3.0,8.599999999999994,-1.0,0.0,1.0,9.0,-1.3999999999999997,1.0
164,-2.16,2335.0,-3.0,0.0,0.0,38.0,0.0,980.0,3669.0,-3.0,-0.3333333333333286,2.0,-1.0,-128.0,5.0,1.0,-3.960000000000001,427.0,2.0,-2.0,3.0,0.0,0.0,16.0,0.0,-3.0,-4.0,-7.160714285714292,0.0,0.0,0.0,-217.0,-2.732142857142857,-13.767857142857142
165,2.16,-2335.0,3.0,0.0,0.0,-38.0,0.0,-980.0,-3669.0,3.0,0.3333333333333286,-2.0,1.0,128.0,-5.0,-1.0,3.960000000000001,-427.0,-2.0,2.0,-3.0,0.0,0.0,-16.0,0.0,3.0,4.0,7.160714285714292,0.0,0.0,0.0,217.0,2.732142857142857,13.767857142857142
166,-1.910499999999999,-3879.0,1.0,0.0,1.0,-25.0,0.0,-2859.0,1087.0,0.0,-1.0,-8.0,-18.0,24.0,0.0,-7.0,2.59,-107.0,0.0,-2.0,7.0,5.0,0.0,2.0,0.0,5.0,1.0,-12.049999999999995,0.0,-2.0,1.0,111.0,1.2000000000000002,8.7
167,1.910499999999999,3879.0,-1.0,0.0,-1.0,25.0,0.0,2859.0,-1087.0,0.0,1.0,8.0,18.0,-24.0,0.0,7.0,-2.59,107.0,0.0,2.0,-7.0,-5.0,0.0,-2.0,0.0,-5.0,-1.0,12.049999999999995,0.0,2.0,-1.0,-111.0,-1.2000000000000002,-8.7
168,2.1939999999999955,974.0,3.0,0.0,0.0,38.0,0.0,5475.0,465.0,2.0,3.0,2.0,14.0,184.0,25.0,0.0,6.59,-451.0,0.0,1.0,-4.0,0.0,0.0,-5.0,0.0,-2.0,0.0,12.066666666666675,0.0,0.0,0.0,60.0,2.7,13.433333333333335
169,-2.1939999999999955,-974.0,-3.0,0.0,0.0,-38.0,0.0,-5475.0,-465.0,-2.0,-3.0,-2.0,-14.0,-184.0,-25.0,0.0,-6.59,451.0,0.0,-1.0,4.0,0.0,0.0,5.0,0.0,2.0,0.0,-12.066666666666675,0.0,0.0,0.0,-60.0,-2.7,-13.433333333333335
170,0.0325000000000024,-8652.0,2.0,0.0,0.0,-196.0,1.0,-14057.0,2170.0,-5.0,-0.4000000000000057,-6.0,-62.0,-126.0,-112.0,-7.0,4.499999999999998,-43.0,1.0,-1.0,-14.0,1.0,0.0,0.0,0.0,5.0,-2.0,-40.0,0.0,0.0,0.0,-26.0,-0.25,-7.083333333333332
171,-0.0325000000000024,8652.0,-2.0,0.0,0.0,196.0,-1.0,14057.0,-2170.0,5.0,0.4000000000000057,6.0,62.0,126.0,112.0,7.0,-4.499999999999998,43.0,-1.0,1.0,14.0,-1.0,0.0,0.0,0.0,-5.0,2.0,40.0,0.0,0.0,0.0,26.0,0.25,7.083333333333332
172,-0.7484999999999999,7488.0,0.0,0.0,0.0,169.0,0.0,3851.0,-2646.0,8.0,4.833333333333329,2.0,9.0,141.0,32.0,2.0,8.57,851.0,-1.0,-2.0,15.0,0.0,0.0,6.0,0.0,-5.0,0.0,18.0,0.0,0.0,0.0,99.0,3.0,15.000000000000002
173,0.7484999999999999,-7488.0,0.0,0.0,0.0,-169.0,0.0,-3851.0,2646.0,-8.0,-4.833333333333329,-2.0,-9.0,-141.0,-32.0,-2.0,-8.57,-851.0,1.0,2.0,-15.0,0.0,0.0,-6.0,0.0,5.0,0.0,-18.0,0.0,0.0,0.0,-99.0,-3.0,-15.000000000000002
174,-0.9420000000000002,-2347.0,-1.0,0.0,0.0,-73.0,0.0,139.0,2496.0,-2.0,-1.75,0.0,1.0,-51.0,1.0,-2.0,-5.43,-589.0,0.0,1.0,-17.0,0.0,0.0,-4.0,0.0,-9.0,1.0,1.9000000000000057,0.0,0.0,0.0,-33.0,2.45,2.35
175,0.9420000000000002,2347.0,1.0,0.0,0.0,73.0,0.0,-139.0,-2496.0,2.0,1.75,0.0,-1.0,51.0,-1.0,2.0,5.43,589.0,0.0,-1.0,17.0,0.0,0.0,4.0,0.0,9.0,-1.0,-1.9000000000000057,0.0,0.0,0.0,33.0,-2.45,-2.35
176,0.6680000000000028,-2884.0,-1.0,0.0,0.0,-81.0,0.0,-3968.0,61.0,2.0,2.6666666666666714,8.0,-1.0,-36.0,-11.0,8.0,-2.16,-241.0,0.0,0.0,14.0,0.0,0.0,15.0,0.0,-1.0,1.0,-7.599999999999994,0.0,0.0,0.0,-55.0,-1.1999999999999995,-7.4
177,-0.6680000000000028,2884.0,1.0,0.0,0.0,81.0,0.0,3968.0,-61.0,-2.0,-2.6666666666666714,-8.0,1.0,36.0,11.0,-8.0,2.16,241.0,0.0,0.0,-14.0,0.0,0.0,-15.0,0.0,1.0,-1.0,7.599999999999994,0.0,0.0,0.0,55.0,1.1999999999999995,7.4
178,-1.3674999999999995,-762.0,-2.0,0.0,-1.0,-51.0,-1.0,-1101.0,-770.0,4.0,0.0,2.0,-2.0,11.0,23.0,1.0,4.959999999999999,-20.0,1.0,0.0,5.0,2.0,0.0,11.0,0.0,-6.0,-4.0,-6.428571428571431,0.0,0.0,1.0,28.0,2.1428571428571423,4.857142857142858
179,1.3674999999999995,762.0,2.0,0.0,1.0,51.0,1.0,1101.0,770.0,-4.0,0.0,-2.0,2.0,-11.0,-23.0,-1.0,-4.959999999999999,20.0,-1.0,0.0,-5.0,-2.0,0.0,-11.0,0.0,6.0,4.0,6.428571428571431,0.0,0.0,-1.0,-28.0,-2.1428571428571423,-4.857142857142858
180,0.0975000000000001,10823.0,0.0,0.0,-1.0,146.0,0.0,-6321.0,-10173.0,-4.0,7.400000000000006,2.0,-60.0,233.0,33.0,5.0,6.09,278.0,0.0,1.0,3.0,-1.0,0.0,-16.0,0.0,6.0,3.0,20.0,0.0,3.0,-2.0,120.0,0.25,15.0
181,-0.0975000000000001,-10823.0,0.0,0.0,1.0,-146.0,0.0,6321.0,10173.0,4.0,-7.400000000000006,-2.0,60.0,-233.0,-33.0,-5.0,-6.09,-278.0,0.0,-1.0,-3.0,1.0,0.0,16.0,0.0,-6.0,-3.0,-20.0,0.0,-3.0,2.0,-120.0,-0.25,-15.0
182,1.1675000000000004,-3950.0,0.0,0.0,0.0,-21.0,0.0,-27338.0,-12931.0,-4.0,3.200000000000003,-5.0,-131.0,-113.0,-106.0,-3.0,1.2599999999999998,814.0,0.0,0.0,0.0,0.0,0.0,-15.0,0.0,7.0,2.0,25.111111111111107,0.0,0.0,0.0,366.0,-0.2222222222222223,7.222222222222221
183,-1.1675000000000004,3950.0,0.0,0.0,0.0,21.0,0.0,27338.0,12931.0,4.0,-3.200000000000003,5.0,131.0,113.0,106.0,3.0,-1.2599999999999998,-814.0,0.0,0.0,0.0,0.0,0.0,15.0,0.0,-7.0,-2.0,-25.111111111111107,0.0,0.0,0.0,-366.0,0.2222222222222223,-7.222222222222221
184,0.6380000000000017,6882.0,0.0,0.0,0.0,102.0,0.0,2775.0,-815.0,0.0,-3.666666666666672,0.0,35.0,21.0,37.0,-3.0,-3.890000000000001,550.0,0.0,-2.0,17.0,3.0,0.0,9.0,0.0,4.0,-4.0,6.971428571428575,0.0,-1.0,-1.0,-23.0,2.3428571428571434,7.657142857142858
185,-0.6380000000000017,-6882.0,0.0,0.0,0.0,-102.0,0.0,-2775.0,815.0,0.0,3.666666666666672,0.0,-35.0,-21.0,-37.0,3.0,3.890000000000001,-550.0,0.0,2.0,-17.0,-3.0,0.0,-9.0,0.0,-4.0,4.0,-6.971428571428575,0.0,1.0,1.0,23.0,-2.3428571428571434,-7.657142857142858
186,-0.0208333333333321,-1890.0,-1.0,0.0,0.0,-21.0,0.0,22217.0,7005.0,4.0,4.0,4.0,79.0,232.0,95.0,11.0,-2.6999999999999997,625.0,0.0,-2.0,1.0,0.0,0.0,-3.0,0.0,-2.0,-4.0,7.0,0.0,0.0,0.0,-15.0,-2.05,-1.5500000000000007
187,0.0208333333333321,1890.0,1.0,0.0,0.0,21.0,0.0,-22217.0,-7005.0,-4.0,-4.0,-4.0,-79.0,-232.0,-95.0,-11.0,2.6999999999999997,-625.0,0.0,2.0,-1.0,0.0,0.0,3.0,0.0,2.0,4.0,-7.0,0.0,0.0,0.0,15.0,2.05,1.5500000000000007
188,-0.7699999999999996,-767.0,0.0,0.0,0.0,15.0,0.0,-20939.0,-8651.0,-3.0,0.4166666666666714,2.0,-76.0,-24.0,-72.0,1.0,-1.8699999999999972,316.0,1.0,-1.0,5.0,0.0,0.0,0.0,0.0,-2.0,-1.0,-15.849999999999994,0.0,0.0,0.0,122.0,1.25,7.449999999999999
189,0.7699999999999996,767.0,0.0,0.0,0.0,-15.0,0.0,20939.0,8651.0,3.0,-0.4166666666666714,-2.0,76.0,24.0,72.0,-1.0,1.8699999999999972,-316.0,-1.0,1.0,-5.0,0.0,0.0,0.0,0.0,2.0,1.0,15.849999999999994,0.0,0.0,0.0,-122.0,-1.25,-7.449999999999999
190,-1.4208333333333345,3260.0,2.0,0.0,0.0,7.0,0.0,7231.0,3312.0,-1.0,0.5,0.0,21.0,-60.0,24.0,3.0,3.780000000000001,-518.0,0.0,0.0,-2.0,0.0,0.0,4.0,0.0,-5.0,0.0,16.6,0.0,0.0,0.0,-144.0,-4.133333333333333,-9.666666666666671
191,1.4208333333333345,-3260.0,-2.0,0.0,0.0,-7.0,0.0,-7231.0,-3312.0,1.0,-0.5,0.0,-21.0,60.0,-24.0,-3.0,-3.780000000000001,518.0,0.0,0.0,2.0,0.0,0.0,-4.0,0.0,5.0,0.0,-16.6,0.0,0.0,0.0,144.0,4.133333333333333,9.666666666666671
192,-2.990833333333331,4923.0,0.0,0.0,-1.0,103.0,0.0,154.0,-1982.0,4.0,-1.3333333333333286,11.0,39.0,-62.0,6.0,9.0,3.02,400.0,-1.0,0.0,5.0,-6.0,0.0,-10.0,0.0,-9.0,1.0,-2.0,0.0,3.0,-2.0,3.0,3.166666666666666,3.6666666666666607
193,2.990833333333331,-4923.0,0.0,0.0,1.0,-103.0,0.0,-154.0,1982.0,-4.0,1.3333333333333286,-11.0,-39.0,62.0,-6.0,-9.0,-3.02,-400.0,1.0,0.0,-5.0,6.0,0.0,10.0,0.0,9.0,-1.0,2.0,0.0,-3.0,2.0,-3.0,-3.166666666666666,-3.6666666666666607
194,2.250333333333326,-1911.0,-5.0,0.0,0.0,-12.0,0.0,3869.0,213.0,-4.0,-0.4166666666666714,1.0,27.0,51.0,12.0,-1.0,-7.489999999999998,21.0,1.0,0.0,2.0,0.0,0.0,-2.0,0.0,-1.0,2.0,-9.75,0.0,0.0,0.0,44.0,-6.75,3.5
195,-2.250333333333326,1911.0,5.0,0.0,0.0,12.0,0.0,-3869.0,-213.0,4.0,0.4166666666666714,-1.0,-27.0,-51.0,-12.0,1.0,7.489999999999998,-21.0,-1.0,0.0,-2.0,0.0,0.0,2.0,0.0,1.0,-2.0,9.75,0.0,0.0,0.0,-44.0,6.75,-3.5
196,-1.177500000000002,-5091.0,-1.0,0.0,2.0,-59.0,0.0,424.0,2903.0,-2.0,-2.0,-5.0,3.0,-18.0,-37.0,-4.0,6.920000000000002,-107.0,0.0,-2.0,24.0,2.0,0.0,23.0,0.0,0.0,-2.0,-19.16666666666667,0.0,-2.0,1.0,2.0,-0.6666666666666667,-2.166666666666668
197,1.177500000000002,5091.0,1.0,0.0,-2.0,59.0,0.0,-424.0,-2903.0,2.0,2.0,5.0,-3.0,18.0,37.0,4.0,-6.920000000000002,107.0,0.0,2.0,-24.0,-2.0,0.0,-23.0,0.0,0.0,2.0,19.16666666666667,0.0,2.0,-1.0,-2.0,0.6666666666666667,2.166666666666668
198,1.9280000000000008,4680.0,0.0,0.0,0.0,177.0,0.0,-12274.0,-7002.0,1.0,3.25,-4.0,-30.0,25.0,-30.0,-5.0,1.870000000000001,521.0,0.0,-1.0,12.0,0.0,0.0,5.0,0.0,6.0,-3.0,5.5,0.0,0.0,0.0,184.0,1.0,11.333333333333329
199,-1.9280000000000008,-4680.0,0.0,0.0,0.0,-177.0,0.0,12274.0,7002.0,-1.0,-3.25,4.0,30.0,-25.0,30.0,5.0,-1.870000000000001,-521.0,0.0,1.0,-12.0,0.0,0.0,-5.0,0.0,-6.0,3.0,-5.5,0.0,0.0,0.0,-184.0,-1.0,-11.333333333333329
200,0.4200000000000017,-2950.0,-4.0,0.0,0.0,-63.0,-1.0,-20859.0,-6089.0,-7.0,4.333333333333329,-2.0,-109.0,-340.0,-83.0,-10.0,-4.105,153.0,0.0,-1.5,-4.0,6.0,0.0,3.0,0.0,3.0,2.0,-3.5,0.0,4.0,1.0,57.0,0.3333333333333332,-7.666666666666668
201,-0.4200000000000017,2950.0,4.0,0.0,0.0,63.0,1.0,20859.0,6089.0,7.0,-4.333333333333329,2.0,109.0,340.0,83.0,10.0,4.105,-153.0,0.0,1.5,4.0,-6.0,0.0,-3.0,0.0,-3.0,-2.0,3.5,0.0,-4.0,-1.0,-57.0,-0.3333333333333332,7.666666666666668
202,0.8200000000000003,1279.0,1.0,0.0,0.0,65.0,0.0,8261.0,926.0,-2.0,0.5999999999999943,2.0,41.0,67.0,34.0,4.0,9.935,-810.0,0.0,0.0,2.0,0.0,0.0,-3.0,0.0,-6.0,1.0,6.450000000000003,0.0,0.0,0.0,-90.0,-1.05,-4.65
203,-0.8200000000000003,-1279.0,-1.0,0.0,0.0,-65.0,0.0,-8261.0,-926.0,2.0,-0.5999999999999943,-2.0,-41.0,-67.0,-34.0,-4.0,-9.935,810.0,0.0,0.0,-2.0,0.0,0.0,3.0,0.0,6.0,-1.0,-6.450000000000003,0.0,0.0,0.0,90.0,1.05,4.65
204,-1.488500000000002,8512.0,-1.0,0.0,0.0,133.0,0.0,-8681.0,-4126.0,1.0,1.3333333333333286,-4.0,-29.0,7.0,-25.0,-5.0,2.5500000000000007,912.0,0.0,-2.0,7.0,0.0,1.0,4.0,0.0,1.0,1.0,5.466666666666669,0.0,0.0,0.0,-58.0,-0.3666666666666671,-0.1333333333333293
205,1.488500000000002,-8512.0,1.0,0.0,0.0,-133.0,0.0,8681.0,4126.0,-1.0,-1.3333333333333286,4.0,29.0,-7.0,25.0,5.0,-2.5500000000000007,-912.0,0.0,2.0,-7.0,0.0,-1.0,-4.0,0.0,-1.0,-1.0,-5.466666666666669,0.0,0.0,0.0,58.0,0.3666666666666671,0.1333333333333293
206,0.3154999999999965,1166.0,-1.0,0.0,0.0,-6.0,0.0,15336.0,6236.0,4.0,0.0,0.0,63.0,112.0,68.0,-3.0,-8.639999999999999,-142.0,-1.0,0.0,-8.0,0.0,0.0,-3.0,0.0,-5.0,1.0,11.464285714285708,0.0,0.0,0.0,-245.0,-1.7142857142857135,-11.964285714285715
207,-0.3154999999999965,-1166.0,1.0,0.0,0.0,6.0,0.0,-15336.0,-6236.0,-4.0,0.0,0.0,-63.0,-112.0,-68.0,3.0,8.639999999999999,142.0,1.0,0.0,8.0,0.0,0.0,3.0,0.0,5.0,-1.0,-11.464285714285708,0.0,0.0,0.0,245.0,1.7142857142857135,11.964285714285715
208,3.766499999999997,2882.0,1.0,0.0,3.0,109.0,0.0,-9924.0,-5201.0,-1.0,7.333333333333329,-2.0,-76.0,-8.0,-28.0,-1.0,-8.89,-388.0,-1.0,1.0,9.0,4.0,0.0,-3.0,0.0,6.0,-6.0,17.514285714285705,0.0,0.0,3.0,221.0,1.742857142857143,13.571428571428571
209,-3.766499999999997,-2882.0,-1.0,0.0,-3.0,-109.0,0.0,9924.0,5201.0,1.0,-7.333333333333329,2.0,76.0,8.0,28.0,1.0,8.89,388.0,1.0,-1.0,-9.0,-4.0,0.0,3.0,0.0,-6.0,6.0,-17.514285714285705,0.0,0.0,-3.0,-221.0,-1.742857142857143,-13.571428571428571
210,-2.8599999999999994,-7511.0,0.0,0.0,0.0,-139.0,0.0,-15350.0,-3626.0,-1.0,7.0,-6.0,-49.0,-174.0,-83.0,-7.0,-4.640000000000001,-878.0,0.0,1.0,-3.0,0.0,0.0,9.0,0.0,-3.0,0.0,-19.82142857142857,0.0,0.0,0.0,17.0,-3.75,-14.642857142857142
211,2.8599999999999994,7511.0,0.0,0.0,0.0,139.0,0.0,15350.0,3626.0,1.0,-7.0,6.0,49.0,174.0,83.0,7.0,4.640000000000001,878.0,0.0,-1.0,3.0,0.0,0.0,-9.0,0.0,3.0,0.0,19.82142857142857,0.0,0.0,0.0,-17.0,3.75,14.642857142857142
212,-1.8425000000000007,3144.0,2.0,0.0,-2.0,41.0,-2.0,-14839.0,-9043.0,5.0,3.666666666666672,2.0,-51.0,-51.0,-18.0,1.0,2.120000000000001,41.0,-1.0,2.0,-7.0,-8.0,0.0,-7.0,0.0,7.0,2.0,6.099999999999994,0.0,2.0,-1.0,180.0,2.5,7.699999999999999
213,1.8425000000000007,-3144.0,-2.0,0.0,2.0,-41.0,2.0,14839.0,9043.0,-5.0,-3.666666666666672,-2.0,51.0,51.0,18.0,-1.0,-2.120000000000001,-41.0,1.0,-2.0,7.0,8.0,0.0,7.0,0.0,-7.0,-2.0,-6.099999999999994,0.0,-2.0,1.0,-180.0,-2.5,-7.699999999999999
214,1.2699999999999996,4101.0,1.0,0.0,0.0,89.0,0.0,-15130.0,-10398.0,-8.0,3.166666666666657,1.0,-107.0,-148.0,-59.0,1.0,-1.6199999999999992,947.0,0.0,-1.0,10.0,0.0,0.0,10.0,0.0,3.0,2.0,18.50000000000001,0.0,0.0,0.0,176.0,1.6666666666666663,4.000000000000002
215,-1.2699999999999996,-4101.0,-1.0,0.0,0.0,-89.0,0.0,15130.0,10398.0,8.0,-3.166666666666657,-1.0,107.0,148.0,59.0,-1.0,1.6199999999999992,-947.0,0.0,1.0,-10.0,0.0,0.0,-10.0,0.0,-3.0,-2.0,-18.50000000000001,0.0,0.0,0.0,-176.0,-1.6666666666666663,-4.000000000000002
216,-0.6609999999999978,7049.0,2.0,0.0,1.0,143.0,0.0,13830.0,2107.0,5.0,-4.599999999999994,3.0,62.0,304.0,63.0,5.0,1.8000000000000007,670.0,0.0,-2.0,0.0,-5.0,-1.0,-4.0,0.0,2.0,3.0,14.0,0.0,-4.0,2.0,10.0,0.1666666666666667,10.833333333333334
217,0.6609999999999978,-7049.0,-2.0,0.0,-1.0,-143.0,0.0,-13830.0,-2107.0,-5.0,4.599999999999994,-3.0,-62.0,-304.0,-63.0,-5.0,-1.8000000000000007,-670.0,0.0,2.0,0.0,5.0,1.0,4.0,0.0,-2.0,-3.0,-14.0,0.0,4.0,-2.0,-10.0,-0.1666666666666667,-10.833333333333334
218,1.163333333333334,-234.0,0.0,0.0,0.0,-1.0,0.0,-15134.0,-3884.0,2.0,2.1333333333333258,-5.0,-89.0,-124.0,-92.0,-6.0,4.630000000000003,-854.0,1.0,3.0,-9.0,0.0,0.0,-5.0,0.0,2.0,1.0,-1.7142857142857082,0.0,0.0,0.0,168.0,1.2857142857142856,5.892857142857142
219,-1.163333333333334,234.0,0.0,0.0,0.0,1.0,0.0,15134.0,3884.0,-2.0,-2.1333333333333258,5.0,89.0,124.0,92.0,6.0,-4.630000000000003,854.0,-1.0,-3.0,9.0,0.0,0.0,5.0,0.0,-2.0,-1.0,1.7142857142857082,0.0,0.0,0.0,-168.0,-1.2857142857142856,-5.892857142857142
220,-2.2375000000000007,-1280.0,2.0,0.0,0.0,-11.0,0.0,-10776.0,-3129.0,0.0,2.6666666666666714,-3.0,-29.0,-63.0,-40.0,-4.0,-2.66,110.0,0.0,1.0,2.0,0.0,0.0,5.0,0.0,8.0,0.0,-7.285714285714292,0.0,0.0,0.0,32.0,4.928571428571429,-4.619047619047613
221,2.2375000000000007,1280.0,-2.0,0.0,0.0,11.0,0.0,10776.0,3129.0,0.0,-2.6666666666666714,3.0,29.0,63.0,40.0,4.0,2.66,-110.0,0.0,-1.0,-2.0,0.0,0.0,-5.0,0.0,-8.0,0.0,7.285714285714292,0.0,0.0,0.0,-32.0,-4.928571428571429,4.619047619047613
222,-1.6515000000000022,152.0,0.0,0.0,0.0,-43.0,0.0,-2971.0,687.0,0.0,1.0499999999999972,-1.0,-18.0,-1.0,-16.0,-3.0,-3.210000000000001,-337.0,0.0,0.0,-11.0,0.0,0.0,-2.0,0.0,1.0,0.0,-17.599999999999994,0.0,0.0,0.0,-107.0,-0.1333333333333333,-5.0
223,1.6515000000000022,-152.0,0.0,0.0,0.0,43.0,0.0,2971.0,-687.0,0.0,-1.0499999999999972,1.0,18.0,1.0,16.0,3.0,3.210000000000001,337.0,0.0,0.0,11.0,0.0,0.0,2.0,0.0,-1.0,0.0,17.599999999999994,0.0,0.0,0.0,107.0,0.1333333333333333,5.0
224,-1.6375000000000028,-3249.0,2.0,0.0,0.0,13.0,0.0,16855.0,7272.0,3.0,-0.8333333333333286,6.0,38.0,99.0,51.0,9.0,-7.169999999999998,-755.0,-1.0,1.0,2.0,0.0,0.0,-10.0,0.0,-9.0,0.0,-3.200000000000003,0.0,0.0,0.0,68.0,2.8000000000000003,9.2
225,1.6375000000000028,3249.0,-2.0,0.0,0.0,-13.0,0.0,-16855.0,-7272.0,-3.0,0.8333333333333286,-6.0,-38.0,-99.0,-51.0,-9.0,7.169999999999998,755.0,1.0,-1.0,-2.0,0.0,0.0,10.0,0.0,9.0,0.0,3.200000000000003,0.0,0.0,0.0,-68.0,-2.8000000000000003,-9.2
226,-0.7125000000000021,1242.0,1.0,0.0,0.0,16.0,0.0,-5529.0,-3217.0,-2.0,-0.75,-1.0,-22.0,-85.0,-13.0,-5.0,3.1300000000000026,426.0,0.0,0.0,8.0,0.0,0.0,13.0,0.0,5.0,-1.0,-4.299999999999997,0.0,0.0,0.0,4.0,-0.8999999999999999,-5.5
227,0.7125000000000021,-1242.0,-1.0,0.0,0.0,-16.0,0.0,5529.0,3217.0,2.0,0.75,1.0,22.0,85.0,13.0,5.0,-3.1300000000000026,-426.0,0.0,0.0,-8.0,0.0,0.0,-13.0,0.0,-5.0,1.0,4.299999999999997,0.0,0.0,0.0,-4.0,0.8999999999999999,5.5
228,1.913249999999998,4592.0,0.0,0.0,0.0,-2.0,0.0,-19556.0,-4218.0,-6.0,0.0,1.0,-73.0,-174.0,-110.0,-1.0,-8.97,-759.0,0.0,1.0,4.0,0.0,0.0,3.0,0.0,0.0,-2.0,-1.6666666666666714,0.0,0.0,0.0,-56.0,-1.333333333333333,1.5
229,-1.913249999999998,-4592.0,0.0,0.0,0.0,2.0,0.0,19556.0,4218.0,6.0,0.0,-1.0,73.0,174.0,110.0,1.0,8.97,759.0,0.0,-1.0,-4.0,0.0,0.0,-3.0,0.0,0.0,2.0,1.6666666666666714,0.0,0.0,0.0,56.0,1.333333333333333,-1.5
230,0.8566666666666656,-1987.0,-1.0,0.0,0.0,-51.0,0.0,-1656.0,2901.0,5.0,-1.1666666666666714,-4.0,-15.0,-134.0,19.0,-7.0,-5.720000000000002,-1158.0,2.0,0.0,3.0,0.0,0.0,26.0,0.0,-7.0,-6.0,-5.0,0.0,0.0,0.0,-71.0,0.2999999999999998,-1.6999999999999993
231,-0.8566666666666656,1987.0,1.0,0.0,0.0,51.0,0.0,1656.0,-2901.0,-5.0,1.1666666666666714,4.0,15.0,134.0,-19.0,7.0,5.720000000000002,1158.0,-2.0,0.0,-3.0,0.0,0.0,-26.0,0.0,7.0,6.0,5.0,0.0,0.0,0.0,71.0,-0.2999999999999998,1.6999999999999993
232,1.1950000000000005,-918.0,1.0,0.0,0.0,-29.0,0.0,-18515.0,-4907.0,-6.0,-2.0,0.0,-68.0,-69.0,-59.0,1.0,1.1899999999999995,496.0,2.0,-1.0,3.0,0.0,0.0,3.0,0.0,1.0,2.0,-8.533333333333317,0.0,0.0,0.0,180.0,1.5333333333333334,15.266666666666667
233,-1.1950000000000005,918.0,-1.0,0.0,0.0,29.0,0.0,18515.0,4907.0,6.0,2.0,0.0,68.0,69.0,59.0,-1.0,-1.1899999999999995,-496.0,-2.0,1.0,-3.0,0.0,0.0,-3.0,0.0,-1.0,-2.0,8.533333333333317,0.0,0.0,0.0,-180.0,-1.5333333333333334,-15.266666666666667
234,-0.7624999999999993,-5993.0,-2.0,0.0,0.0,-109.0,1.0,11081.0,8722.0,1.0,3.75,-5.0,31.0,10.0,4.0,-8.0,-0.3599999999999994,-1217.0,1.0,2.0,-25.0,7.0,0.0,-11.0,0.0,-4.0,-8.0,-11.5,0.0,2.0,-4.0,-163.0,-0.6666666666666665,-11.916666666666668
235,0.7624999999999993,5993.0,2.0,0.0,0.0,109.0,-1.0,-11081.0,-8722.0,-1.0,-3.75,5.0,-31.0,-10.0,-4.0,8.0,0.3599999999999994,1217.0,-1.0,-2.0,25.0,-7.0,0.0,11.0,0.0,4.0,8.0,11.5,0.0,-2.0,4.0,163.0,0.6666666666666665,11.916666666666668
236,-2.3870000000000005,7568.0,2.0,0.0,-1.0,153.0,2.0,11027.0,-1243.0,5.0,4.416666666666671,4.0,55.0,121.0,55.0,6.0,1.0800000000000018,-543.0,0.0,2.0,5.0,-4.0,-1.0,-8.0,0.0,2.0,9.0,8.833333333333329,0.0,-5.0,-3.0,-32.0,-2.0,6.5
237,2.3870000000000005,-7568.0,-2.0,0.0,1.0,-153.0,-2.0,-11027.0,1243.0,-5.0,-4.416666666666671,-4.0,-55.0,-121.0,-55.0,-6.0,-1.0800000000000018,543.0,0.0,-2.0,-5.0,4.0,1.0,8.0,0.0,-2.0,-9.0,-8.833333333333329,0.0,5.0,3.0,32.0,2.0,-6.5
238,-0.8125,-7299.0,6.0,0.0,0.0,-133.0,0.0,411.0,1194.0,-4.0,4.833333333333329,6.0,24.0,83.0,-6.0,6.0,-11.88,-46.0,0.0,1.0,-30.0,0.0,0.0,-19.0,0.0,1.0,5.0,2.4000000000000057,0.0,0.0,0.0,113.0,-1.0999999999999996,6.399999999999999
239,0.8125,7299.0,-6.0,0.0,0.0,133.0,0.0,-411.0,-1194.0,4.0,-4.833333333333329,-6.0,-24.0,-83.0,6.0,-6.0,11.88,46.0,0.0,-1.0,30.0,0.0,0.0,19.0,0.0,-1.0,-5.0,-2.4000000000000057,0.0,0.0,0.0,-113.0,1.0999999999999996,-6.399999999999999
240,-1.8554999999999997,-547.0,2.0,0.0,0.0,15.0,0.0,7429.0,1535.0,6.0,-0.1666666666666714,1.0,49.0,-122.0,29.0,4.0,-2.0599999999999987,-152.0,-2.0,1.0,-2.0,0.0,0.0,4.0,0.0,-8.0,-2.0,-4.0,0.0,0.0,0.0,-98.0,-1.1999999999999995,-13.0
241,1.8554999999999997,547.0,-2.0,0.0,0.0,-15.0,0.0,-7429.0,-1535.0,-6.0,0.1666666666666714,-1.0,-49.0,122.0,-29.0,-4.0,2.0599999999999987,152.0,2.0,-1.0,2.0,0.0,0.0,-4.0,0.0,8.0,2.0,4.0,0.0,0.0,0.0,98.0,1.1999999999999995,13.0
242,-2.2426666666666684,2276.0,-1.0,0.0,1.0,90.0,0.0,393.0,122.0,-4.0,3.0,3.0,-6.0,3.0,-25.0,4.0,-0.620000000000001,45.0,1.0,1.0,-4.0,-3.0,0.0,-11.0,0.0,1.0,1.0,5.25,0.0,-1.0,1.0,-97.0,0.0833333333333334,2.583333333333334
243,2.2426666666666684,-2276.0,1.0,0.0,-1.0,-90.0,0.0,-393.0,-122.0,4.0,-3.0,-3.0,6.0,-3.0,25.0,-4.0,0.620000000000001,-45.0,-1.0,-1.0,4.0,3.0,0.0,11.0,0.0,-1.0,-1.0,-5.25,0.0,1.0,-1.0,97.0,-0.0833333333333334,-2.583333333333334
244,-1.1333333333333329,-3904.0,-1.0,0.0,0.0,-158.0,0.0,-27566.0,-2083.0,-5.0,-0.1666666666666572,-11.0,-143.0,-272.0,-160.0,-12.0,-2.66,-1267.0,1.0,10.5,-8.0,0.0,0.0,3.0,0.0,0.0,0.0,-22.0,0.0,0.0,0.0,33.0,-3.5,-12.75
245,1.1333333333333329,3904.0,1.0,0.0,0.0,158.0,0.0,27566.0,2083.0,5.0,0.1666666666666572,11.0,143.0,272.0,160.0,12.0,2.66,1267.0,-1.0,-10.5,8.0,0.0,0.0,-3.0,0.0,0.0,0.0,22.0,0.0,0.0,0.0,-33.0,3.5,12.75
246,1.3575000000000017,327.0,0.0,0.0,-1.0,-38.0,-1.0,11645.0,2620.0,5.0,0.0833333333333286,3.0,52.0,1.0,73.0,5.0,-0.4299999999999997,-238.0,0.0,1.0,3.0,0.0,0.0,16.0,0.0,0.0,0.0,2.3333333333333286,0.0,-1.0,-1.0,-206.0,-3.733333333333333,-18.366666666666667
247,-1.3575000000000017,-327.0,0.0,0.0,1.0,38.0,1.0,-11645.0,-2620.0,-5.0,-0.0833333333333286,-3.0,-52.0,-1.0,-73.0,-5.0,0.4299999999999997,238.0,0.0,-1.0,-3.0,0.0,0.0,-16.0,0.0,0.0,0.0,-2.3333333333333286,0.0,1.0,1.0,206.0,3.733333333333333,18.366666666666667
248,-0.2899999999999991,3159.0,2.0,0.0,0.0,98.0,1.0,135.0,-256.0,-3.0,3.333333333333343,-6.0,16.0,7.0,-6.0,-5.0,-4.359999999999999,-1061.0,-1.0,5.0,-20.0,-4.0,0.0,-22.0,0.0,2.0,5.0,-6.5,0.0,2.0,-1.0,56.0,2.666666666666667,7.666666666666668
249,0.2899999999999991,-3159.0,-2.0,0.0,0.0,-98.0,-1.0,-135.0,256.0,3.0,-3.333333333333343,6.0,-16.0,-7.0,6.0,5.0,4.359999999999999,1061.0,1.0,-5.0,20.0,4.0,0.0,22.0,0.0,-2.0,-5.0,6.5,0.0,-2.0,1.0,-56.0,-2.666666666666667,-7.666666666666668
250,-2.593,-3087.0,1.0,0.0,1.0,-100.0,0.0,-1073.0,2350.0,3.0,2.200000000000003,0.0,17.0,20.0,-53.0,1.0,-6.4,-1215.0,-1.0,1.0,-6.0,-3.0,0.0,3.0,0.0,2.0,1.0,0.0,0.0,2.0,-2.0,-42.0,0.0,1.0
251,2.593,3087.0,-1.0,0.0,-1.0,100.0,0.0,1073.0,-2350.0,-3.0,-2.200000000000003,0.0,-17.0,-20.0,53.0,-1.0,6.4,1215.0,1.0,-1.0,6.0,3.0,0.0,-3.0,0.0,-2.0,-1.0,0.0,0.0,-2.0,2.0,42.0,0.0,-1.0
252,2.9925,1623.0,2.0,0.0,0.0,96.0,0.0,-19286.0,-8138.0,-5.0,0.8333333333333286,-3.0,-94.0,-1.0,-62.0,-3.0,-1.8550000000000024,-616.0,0.0,4.0,1.0,0.0,0.0,-18.0,0.0,6.0,1.0,-5.857142857142861,0.0,0.0,0.0,278.0,2.952380952380953,15.142857142857142
253,-2.9925,-1623.0,-2.0,0.0,0.0,-96.0,0.0,19286.0,8138.0,5.0,-0.8333333333333286,3.0,94.0,1.0,62.0,3.0,1.8550000000000024,616.0,0.0,-4.0,-1.0,0.0,0.0,18.0,0.0,-6.0,-1.0,5.857142857142861,0.0,0.0,0.0,-278.0,-2.952380952380953,-15.142857142857142
254,0.2600000000000015,-722.0,0.0,0.0,1.0,0.0,-1.0,-997.0,2933.0,2.0,5.700000000000003,-3.0,-28.0,-9.0,-63.0,4.0,-2.0100000000000016,-1130.0,-1.0,2.0,-22.0,4.0,0.0,-6.0,0.0,-1.0,-2.0,-4.75,0.0,1.0,0.0,-158.0,-1.2000000000000002,-16.45
255,-0.2600000000000015,722.0,0.0,0.0,-1.0,0.0,1.0,997.0,-2933.0,-2.0,-5.700000000000003,3.0,28.0,9.0,63.0,-4.0,2.0100000000000016,1130.0,1.0,-2.0,22.0,-4.0,0.0,6.0,0.0,1.0,2.0,4.75,0.0,-1.0,0.0,158.0,1.2000000000000002,16.45
256,0.1983333333333305,5076.0,0.0,0.0,0.0,130.0,0.0,1001.0,-976.0,0.0,12.166666666666671,-1.0,-15.0,34.0,-13.0,0.0,-6.630000000000001,771.0,0.0,-3.0,8.0,0.0,0.0,13.0,0.0,3.0,-6.0,9.708333333333329,0.0,0.0,0.0,-186.0,-3.125,-11.125
257,-0.1983333333333305,-5076.0,0.0,0.0,0.0,-130.0,0.0,-1001.0,976.0,0.0,-12.166666666666671,1.0,15.0,-34.0,13.0,0.0,6.630000000000001,-771.0,0.0,3.0,-8.0,0.0,0.0,-13.0,0.0,-3.0,6.0,-9.708333333333329,0.0,0.0,0.0,186.0,3.125,11.125
258,0.0,0.0,0.0,0.0,-1.0,0.0,1.0,0.0,0.0,-1.0,0.0,-2.0,0.0,0.0,0.0,-8.0,0.0,0.0,0.0,0.0,0.0,0.0,0.0,0.0,0.0,-2.0,1.0,0.0,0.0,2.0,2.0,0.0,0.0,0.0
259,0.0,0.0,0.0,0.0,1.0,0.0,-1.0,0.0,0.0,1.0,0.0,2.0,0.0,0.0,0.0,8.0,0.0,0.0,0.0,0.0,0.0,0.0,0.0,0.0,0.0,2.0,-1.0,0.0,0.0,-2.0,-2.0,0.0,0.0,0.0
260,1.754999999999999,5458.0,1.0,0.0,0.0,166.0,0.0,-1086.0,-3524.0,-6.0,-0.75,0.0,15.0,-2.0,14.0,0.0,-12.03,-57.0,0.0,3.0,0.0,0.0,0.0,-4.0,0.0,7.0,1.0,7.399999999999991,0.0,0.0,0.0,9.0,-1.1999999999999995,-3.3999999999999986
261,-1.754999999999999,-5458.0,-1.0,0.0,0.0,-166.0,0.0,1086.0,3524.0,6.0,0.75,0.0,-15.0,2.0,-14.0,0.0,12.03,57.0,0.0,-3.0,0.0,0.0,0.0,4.0,0.0,-7.0,-1.0,-7.399999999999991,0.0,0.0,0.0,-9.0,1.1999999999999995,3.3999999999999986
262,-2.849499999999999,-3330.0,-1.0,0.0,0.0,-116.0,0.0,12112.0,11127.0,6.0,0.0999999999999943,2.0,94.0,59.0,40.0,3.0,-4.42,-902.0,0.0,3.0,-3.0,0.0,0.0,4.0,0.0,-6.0,-2.0,-13.80952380952381,0.0,0.0,0.0,-281.0,-1.0,-7.761904761904761
263,2.849499999999999,3330.0,1.0,0.0,0.0,116.0,0.0,-12112.0,-11127.0,-6.0,-0.0999999999999943,-2.0,-94.0,-59.0,-40.0,-3.0,4.42,902.0,0.0,-3.0,3.0,0.0,0.0,-4.0,0.0,6.0,2.0,13.80952380952381,0.0,0.0,0.0,281.0,1.0,7.761904761904761
264,-0.5599999999999987,590.0,0.0,0.0,-1.0,-26.0,2.0,-7032.0,2098.0,3.0,-5.6000000000000085,-4.0,17.0,-106.0,-25.0,-6.0,-3.7399999999999984,32.0,0.0,-1.0,26.0,3.0,0.0,28.0,0.0,-1.0,0.0,3.5,0.0,1.0,1.0,-66.0,-3.5,-6.25
265,0.5599999999999987,-590.0,0.0,0.0,1.0,26.0,-2.0,7032.0,-2098.0,-3.0,5.6000000000000085,4.0,-17.0,106.0,25.0,6.0,3.7399999999999984,-32.0,0.0,1.0,-26.0,-3.0,0.0,-28.0,0.0,1.0,0.0,-3.5,0.0,-1.0,-1.0,66.0,3.5,6.25
266,27.258,12734.0,-1.0,0.0,0.0,-12.0,0.0,13577.0,13365.0,-3.0,63.75,-3.0,127.0,245.0,-23.0,-6.0,13.5,1160.0,-1.0,95.0,7.0,0.0,0.0,12.0,0.0,-3.0,1.0,2.5,0.0,0.0,0.0,179.0,6.0,18.5
267,-27.258,-12734.0,1.0,0.0,0.0,12.0,0.0,-13577.0,-13365.0,3.0,-63.75,3.0,-127.0,-245.0,23.0,6.0,-13.5,-1160.0,1.0,-95.0,-7.0,0.0,0.0,-12.0,0.0,3.0,-1.0,-2.5,0.0,0.0,0.0,-179.0,-6.0,-18.5
268,1.821999999999996,18267.0,2.0,0.0,0.0,352.0,0.0,7217.0,-2416.0,4.0,19.5,3.0,8.0,165.0,84.0,12.0,-4.07,1121.0,0.0,1.0,-1.0,-5.0,0.0,-18.0,0.0,-3.0,-1.0,9.099999999999994,0.0,-1.0,-1.0,215.0,4.0,33.233333333333334
269,-1.821999999999996,-18267.0,-2.0,0.0,0.0,-352.0,0.0,-7217.0,2416.0,-4.0,-19.5,-3.0,-8.0,-165.0,-84.0,-12.0,4.07,-1121.0,0.0,-1.0,1.0,5.0,0.0,18.0,0.0,3.0,1.0,-9.099999999999994,0.0,1.0,1.0,-215.0,-4.0,-33.233333333333334
270,-0.9624999999999986,2869.0,-1.0,0.0,0.0,10.0,-1.0,6822.0,169.0,-1.0,-5.533333333333331,-1.0,72.0,-38.0,58.0,-4.0,5.040000000000001,236.0,0.0,1.0,10.0,1.0,0.0,5.0,0.0,-7.0,2.0,-9.083333333333314,0.0,-1.0,0.0,38.0,-3.0,1.166666666666668
271,0.9624999999999986,-2869.0,1.0,0.0,0.0,-10.0,1.0,-6822.0,-169.0,1.0,5.533333333333331,1.0,-72.0,38.0,-58.0,4.0,-5.040000000000001,-236.0,0.0,-1.0,-10.0,-1.0,0.0,-5.0,0.0,7.0,-2.0,9.083333333333314,0.0,1.0,0.0,-38.0,3.0,-1.166666666666668
272,1.8699999999999972,2542.0,0.0,0.0,0.0,56.0,0.0,8452.0,2105.0,8.0,-1.0,3.0,32.0,95.0,47.0,7.0,-5.760000000000002,292.0,0.0,0.0,-1.0,0.0,0.0,-12.0,0.0,-1.0,-1.0,4.833333333333314,0.0,0.0,0.0,89.0,4.5,12.833333333333329
273,-1.8699999999999972,-2542.0,0.0,0.0,0.0,-56.0,0.0,-8452.0,-2105.0,-8.0,1.0,-3.0,-32.0,-95.0,-47.0,-7.0,5.760000000000002,-292.0,0.0,0.0,1.0,0.0,0.0,12.0,0.0,1.0,1.0,-4.833333333333314,0.0,0.0,0.0,-89.0,-4.5,-12.833333333333329
274,2.381999999999998,4253.0,1.0,0.0,0.0,4.0,0.0,6701.0,3185.0,1.0,0.5,-1.0,30.0,97.0,19.0,-1.0,6.590000000000002,-492.0,0.0,0.0,7.0,-1.0,0.0,15.0,0.0,-3.0,0.0,16.066666666666677,0.0,-1.0,1.0,-44.0,-0.8666666666666671,4.0
275,-2.381999999999998,-4253.0,-1.0,0.0,0.0,-4.0,0.0,-6701.0,-3185.0,-1.0,-0.5,1.0,-30.0,-97.0,-19.0,1.0,-6.590000000000002,492.0,0.0,0.0,-7.0,1.0,0.0,-15.0,0.0,3.0,0.0,-16.066666666666677,0.0,1.0,-1.0,44.0,0.8666666666666671,-4.0
276,3.569166666666668,2987.0,1.0,0.0,0.0,123.0,0.0,-10924.0,-7449.0,-4.0,-3.4166666666666714,1.0,-50.0,60.0,-21.0,2.0,4.140000000000001,467.0,0.0,-2.0,3.0,0.0,1.0,-10.0,0.0,3.0,3.0,-0.1666666666666572,0.0,0.0,0.0,301.0,6.333333333333333,25.833333333333336
277,-3.569166666666668,-2987.0,-1.0,0.0,0.0,-123.0,0.0,10924.0,7449.0,4.0,3.4166666666666714,-1.0,50.0,-60.0,21.0,-2.0,-4.140000000000001,-467.0,0.0,2.0,-3.0,0.0,-1.0,10.0,0.0,-3.0,-3.0,0.1666666666666572,0.0,0.0,0.0,-301.0,-6.333333333333333,-25.833333333333336
278,-2.942,-157.0,-2.0,0.0,0.0,-33.0,0.0,6661.0,3211.0,0.0,5.333333333333329,-2.0,57.0,-6.0,22.0,-3.0,1.4700000000000006,251.0,1.0,0.0,5.0,0.0,0.0,10.0,0.0,-6.0,0.0,1.2000000000000028,0.0,0.0,0.0,-1.0,1.666666666666667,7.766666666666669
279,2.942,157.0,2.0,0.0,0.0,33.0,0.0,-6661.0,-3211.0,0.0,-5.333333333333329,2.0,-57.0,6.0,-22.0,3.0,-1.4700000000000006,-251.0,-1.0,0.0,-5.0,0.0,0.0,-10.0,0.0,6.0,0.0,-1.2000000000000028,0.0,0.0,0.0,1.0,-1.666666666666667,-7.766666666666669
280,-1.1774999999999984,7595.0,-2.0,0.0,0.0,159.0,0.0,9467.0,343.0,8.0,5.583333333333329,5.0,32.0,11.0,43.0,11.0,-3.530000000000001,354.0,0.0,-1.0,10.0,-1.0,0.0,2.0,0.0,-5.0,1.0,-3.5333333333333314,0.0,0.0,0.0,144.0,2.733333333333333,16.6
281,1.1774999999999984,-7595.0,2.0,0.0,0.0,-159.0,0.0,-9467.0,-343.0,-8.0,-5.583333333333329,-5.0,-32.0,-11.0,-43.0,-11.0,3.530000000000001,-354.0,0.0,1.0,-10.0,1.0,0.0,-2.0,0.0,5.0,-1.0,3.5333333333333314,0.0,0.0,0.0,-144.0,-2.733333333333333,-16.6
282,-0.1240000000000023,12168.0,2.0,0.0,0.0,180.0,0.0,-8098.0,-7593.0,-2.0,2.0833333333333286,2.0,-59.0,92.0,-20.0,-1.0,9.305,1446.0,-1.0,-3.0,7.0,0.0,0.0,-7.0,0.0,5.0,2.0,-17.950000000000003,0.0,0.0,0.0,228.0,5.8,28.950000000000003
283,0.1240000000000023,-12168.0,-2.0,0.0,0.0,-180.0,0.0,8098.0,7593.0,2.0,-2.0833333333333286,-2.0,59.0,-92.0,20.0,1.0,-9.305,-1446.0,1.0,3.0,-7.0,0.0,0.0,7.0,0.0,-5.0,-2.0,17.950000000000003,0.0,0.0,0.0,-228.0,-5.8,-28.950000000000003
284,-0.4373333333333313,5551.0,0.0,0.0,0.0,164.0,0.0,3204.0,-8691.0,-3.0,3.3333333333333286,0.0,-77.0,-94.0,-57.0,0.0,-2.490000000000002,230.0,0.0,-1.0,23.0,0.0,0.0,9.0,0.0,5.0,2.0,7.600000000000008,0.0,0.0,0.0,69.0,-1.4,7.199999999999999
285,0.4373333333333313,-5551.0,0.0,0.0,0.0,-164.0,0.0,-3204.0,8691.0,3.0,-3.3333333333333286,0.0,77.0,94.0,57.0,0.0,2.490000000000002,-230.0,0.0,1.0,-23.0,0.0,0.0,-9.0,0.0,-5.0,-2.0,-7.600000000000008,0.0,0.0,0.0,-69.0,1.4,-7.199999999999999
286,1.0600000000000025,-4207.0,0.0,0.0,0.0,-85.0,0.0,10209.0,5851.0,3.0,1.3333333333333286,-1.0,31.0,16.0,31.0,-2.0,-2.16,-448.0,0.0,2.0,-1.0,0.0,0.0,1.0,0.0,-7.0,-2.0,-5.69047619047619,0.0,0.0,0.0,-213.0,-6.095238095238096,-16.642857142857142
287,-1.0600000000000025,4207.0,0.0,0.0,0.0,85.0,0.0,-10209.0,-5851.0,-3.0,-1.3333333333333286,1.0,-31.0,-16.0,-31.0,2.0,2.16,448.0,0.0,-2.0,1.0,0.0,0.0,-1.0,0.0,7.0,2.0,5.69047619047619,0.0,0.0,0.0,213.0,6.095238095238096,16.642857142857142
288,-0.8374999999999986,3304.0,-1.0,0.0,1.0,98.0,0.0,15792.0,5597.0,2.0,6.5,0.0,58.0,185.0,32.0,5.0,5.899999999999999,231.0,0.0,-3.0,1.0,1.0,0.0,4.0,0.0,-4.0,-1.0,2.857142857142861,0.0,1.0,-3.0,-160.0,-0.6071428571428572,-7.5
289,0.8374999999999986,-3304.0,1.0,0.0,-1.0,-98.0,0.0,-15792.0,-5597.0,-2.0,-6.5,0.0,-58.0,-185.0,-32.0,-5.0,-5.899999999999999,-231.0,0.0,3.0,-1.0,-1.0,0.0,-4.0,0.0,4.0,1.0,-2.857142857142861,0.0,-1.0,3.0,160.0,0.6071428571428572,7.5
290,-0.5775000000000006,1580.0,1.0,0.0,0.0,-7.0,0.0,-8462.0,-4753.0,-3.0,-0.5,-3.0,-17.0,1.0,-37.0,-9.0,3.7499999999999982,375.0,-1.0,0.0,-7.0,0.0,58.0,0.0,0.0,-1.0,1.0,7.857142857142847,0.0,0.0,0.0,-4.0,1.4285714285714286,-0.4285714285714306
291,0.5775000000000006,-1580.0,-1.0,0.0,0.0,7.0,0.0,8462.0,4753.0,3.0,0.5,3.0,17.0,-1.0,37.0,9.0,-3.7499999999999982,-375.0,1.0,0.0,7.0,0.0,-58.0,0.0,0.0,1.0,-1.0,-7.857142857142847,0.0,0.0,0.0,4.0,-1.4285714285714286,0.4285714285714306
292,-2.2225,2453.0,1.0,0.0,0.0,35.0,0.0,-12511.0,-5586.0,-6.0,-3.1666666666666714,-2.0,-47.0,-8.0,-29.0,-6.0,-9.04,290.0,0.0,1.0,-10.0,0.0,0.0,-15.0,0.0,5.0,3.0,4.404761904761898,0.0,0.0,0.0,197.0,3.7619047619047614,17.142857142857146
293,2.2225,-2453.0,-1.0,0.0,0.0,-35.0,0.0,12511.0,5586.0,6.0,3.1666666666666714,2.0,47.0,8.0,29.0,6.0,9.04,-290.0,0.0,-1.0,10.0,0.0,0.0,15.0,0.0,-5.0,-3.0,-4.404761904761898,0.0,0.0,0.0,-197.0,-3.7619047619047614,-17.142857142857146
294,0.2970000000000006,10536.0,0.0,0.0,0.0,242.0,0.0,-12980.0,-10652.0,0.0,3.3999999999999986,2.0,-23.0,115.0,78.0,4.0,-4.319999999999999,511.0,-1.0,1.0,19.0,0.0,0.0,4.0,0.0,-1.0,1.0,7.799999999999997,0.0,0.0,0.0,232.0,1.266666666666667,24.8
295,-0.2970000000000006,-10536.0,0.0,0.0,0.0,-242.0,0.0,12980.0,10652.0,0.0,-3.3999999999999986,-2.0,23.0,-115.0,-78.0,-4.0,4.319999999999999,-511.0,1.0,-1.0,-19.0,0.0,0.0,-4.0,0.0,1.0,-1.0,-7.799999999999997,0.0,0.0,0.0,-232.0,-1.266666666666667,-24.8
296,-2.1129999999999995,-1615.0,1.0,0.0,0.0,-89.0,0.0,14236.0,-333.0,2.0,-0.4000000000000057,1.0,-15.0,-35.0,-48.0,1.0,-0.7199999999999989,628.0,0.0,-2.0,6.0,-1.0,0.0,4.0,0.0,3.0,0.0,-29.83333333333333,0.0,0.0,3.0,38.0,6.083333333333333,1.416666666666668
297,2.1129999999999995,1615.0,-1.0,0.0,0.0,89.0,0.0,-14236.0,333.0,-2.0,0.4000000000000057,-1.0,15.0,35.0,48.0,-1.0,0.7199999999999989,-628.0,0.0,2.0,-6.0,1.0,0.0,-4.0,0.0,-3.0,0.0,29.83333333333333,0.0,0.0,-3.0,-38.0,-6.083333333333333,-1.416666666666668
298,0.1675000000000004,2904.0,-1.0,0.0,0.0,32.0,0.0,-10024.0,-1323.0,0.0,-0.3999999999999986,0.0,4.0,-13.0,7.0,2.0,-0.4299999999999997,742.0,0.0,-4.0,17.0,1.0,0.0,17.0,0.0,1.0,1.0,-5.5,0.0,1.0,-1.0,40.0,0.4166666666666669,0.3333333333333321
299,-0.1675000000000004,-2904.0,1.0,0.0,0.0,-32.0,0.0,10024.0,1323.0,0.0,0.3999999999999986,0.0,-4.0,13.0,-7.0,-2.0,0.4299999999999997,-742.0,0.0,4.0,-17.0,-1.0,0.0,-17.0,0.0,-1.0,-1.0,5.5,0.0,-1.0,1.0,-40.0,-0.4166666666666669,-0.3333333333333321
300,2.306000000000001,8774.0,0.0,0.0,0.0,168.0,1.0,-565.0,-5982.0,-1.0,8.0,0.0,-78.0,60.0,10.0,-3.0,-5.98,633.0,-1.0,-4.0,-6.0,-1.0,0.0,2.0,0.0,-3.0,-2.0,-14.833333333333329,0.0,2.0,-1.0,4.0,0.083333333333333,5.166666666666668
301,-2.306000000000001,-8774.0,0.0,0.0,0.0,-168.0,-1.0,565.0,5982.0,1.0,-8.0,0.0,78.0,-60.0,-10.0,3.0,5.98,-633.0,1.0,4.0,6.0,1.0,0.0,-2.0,0.0,3.0,2.0,14.833333333333329,0.0,-2.0,1.0,-4.0,-0.083333333333333,-5.166666666666668
302,1.1850000000000025,-2033.0,0.0,0.0,0.0,-61.0,-1.0,-18089.0,156.0,-3.0,-1.933333333333323,-1.0,-56.0,-84.0,-66.0,-6.0,7.879999999999999,208.0,1.0,-3.0,10.0,-1.0,0.0,8.0,0.0,2.0,0.0,-9.25,0.0,0.0,-1.0,57.0,0.666666666666667,5.333333333333332
303,-1.1850000000000025,2033.0,0.0,0.0,0.0,61.0,1.0,18089.0,-156.0,3.0,1.933333333333323,1.0,56.0,84.0,66.0,6.0,-7.879999999999999,-208.0,-1.0,3.0,-10.0,1.0,0.0,-8.0,0.0,-2.0,0.0,9.25,0.0,0.0,1.0,-57.0,-0.666666666666667,-5.333333333333332
304,-0.2558333333333316,8283.0,1.0,0.0,0.0,240.0,-1.0,19223.0,-2631.0,2.0,4.5,3.0,16.0,210.0,92.0,9.0,6.729999999999999,1850.0,-2.0,-1.0,-4.0,-7.0,0.0,-23.0,0.0,2.0,5.0,22.19999999999999,0.0,0.0,-1.0,222.0,7.399999999999999,30.2
305,0.2558333333333316,-8283.0,-1.0,0.0,0.0,-240.0,1.0,-19223.0,2631.0,-2.0,-4.5,-3.0,-16.0,-210.0,-92.0,-9.0,-6.729999999999999,-1850.0,2.0,1.0,4.0,7.0,0.0,23.0,0.0,-2.0,-5.0,-22.19999999999999,0.0,0.0,1.0,-222.0,-7.399999999999999,-30.2
306,1.452499999999997,-4916.0,0.0,0.0,0.0,-110.0,0.0,-2468.0,1022.0,1.0,5.75,0.0,-29.0,-184.0,1.0,4.0,-5.690000000000001,-431.0,0.0,1.0,-4.0,0.0,0.0,-7.0,0.0,-5.0,-2.0,-8.133333333333326,0.0,0.0,0.0,62.0,-0.2999999999999998,1.8666666666666671
307,-1.452499999999997,4916.0,0.0,0.0,0.0,110.0,0.0,2468.0,-1022.0,-1.0,-5.75,0.0,29.0,184.0,-1.0,-4.0,5.690000000000001,431.0,0.0,-1.0,4.0,0.0,0.0,7.0,0.0,5.0,2.0,8.133333333333326,0.0,0.0,0.0,-62.0,0.2999999999999998,-1.8666666666666671
308,-1.09,14001.0,0.0,0.0,0.0,233.0,0.0,3753.0,-6694.0,0.0,10.166666666666671,-2.0,48.0,65.0,54.0,-1.0,12.28,1664.0,-1.0,-3.0,16.0,0.0,0.0,2.0,0.0,1.0,1.0,10.400000000000006,0.0,0.0,0.0,236.0,8.033333333333333,27.26666666666666
309,1.09,-14001.0,0.0,0.0,0.0,-233.0,0.0,-3753.0,6694.0,0.0,-10.166666666666671,2.0,-48.0,-65.0,-54.0,1.0,-12.28,-1664.0,1.0,3.0,-16.0,0.0,0.0,-2.0,0.0,-1.0,-1.0,-10.400000000000006,0.0,0.0,0.0,-236.0,-8.033333333333333,-27.26666666666666
310,-0.6539999999999999,-5265.0,-1.0,0.0,0.0,-142.0,0.0,-3734.0,1132.0,-11.0,-4.833333333333329,1.0,13.0,-81.0,-21.0,2.0,-1.66,270.0,-1.0,-1.0,-7.0,0.0,0.0,-9.0,0.0,-3.0,1.0,4.900000000000006,0.0,0.0,0.0,-54.0,1.2,-5.866666666666667
311,0.6539999999999999,5265.0,1.0,0.0,0.0,142.0,0.0,3734.0,-1132.0,11.0,4.833333333333329,-1.0,-13.0,81.0,21.0,-2.0,1.66,-270.0,1.0,1.0,7.0,0.0,0.0,9.0,0.0,3.0,-1.0,-4.900000000000006,0.0,0.0,0.0,54.0,-1.2,5.866666666666667
312,-0.9125000000000014,2298.0,0.0,0.0,0.0,-2.0,0.0,815.0,-5043.0,0.0,6.0,6.0,-38.0,28.0,-27.0,3.0,3.209999999999999,573.0,0.0,-2.0,5.0,0.0,0.0,6.0,0.0,2.0,1.0,-3.7333333333333343,0.0,0.0,0.0,96.0,2.666666666666667,3.5333333333333314
313,0.9125000000000014,-2298.0,0.0,0.0,0.0,2.0,0.0,-815.0,5043.0,0.0,-6.0,-6.0,38.0,-28.0,27.0,-3.0,-3.209999999999999,-573.0,0.0,2.0,-5.0,0.0,0.0,-6.0,0.0,-2.0,-1.0,3.7333333333333343,0.0,0.0,0.0,-96.0,-2.666666666666667,-3.5333333333333314
314,1.5268571428571427,9548.0,0.0,0.0,0.0,205.0,-2.0,7226.0,1508.0,4.0,3.1666666666666714,4.0,20.0,129.0,32.0,4.0,1.8000000000000007,944.0,0.0,-2.0,15.0,0.0,0.0,11.0,0.0,-5.0,1.0,4.500000000000014,0.0,1.0,-1.0,-60.0,4.666666666666667,13.666666666666664
315,-1.5268571428571427,-9548.0,0.0,0.0,0.0,-205.0,2.0,-7226.0,-1508.0,-4.0,-3.1666666666666714,-4.0,-20.0,-129.0,-32.0,-4.0,-1.8000000000000007,-944.0,0.0,2.0,-15.0,0.0,0.0,-11.0,0.0,5.0,-1.0,-4.500000000000014,0.0,-1.0,1.0,60.0,-4.666666666666667,-13.666666666666664
316,1.0305,4702.0,1.0,0.0,0.0,-21.0,0.0,-8796.0,-5033.0,-1.0,-4.666666666666671,-1.0,-21.0,-91.0,-21.0,-4.0,2.9899999999999984,222.0,1.0,0.0,-3.0,0.0,0.0,-3.0,0.0,5.0,1.0,-2.057142857142864,0.0,0.0,0.0,-2.0,-1.8571428571428568,-7.485714285714286
317,-1.0305,-4702.0,-1.0,0.0,0.0,21.0,0.0,8796.0,5033.0,1.0,4.666666666666671,1.0,21.0,91.0,21.0,4.0,-2.9899999999999984,-222.0,-1.0,0.0,3.0,0.0,0.0,3.0,0.0,-5.0,-1.0,2.057142857142864,0.0,0.0,0.0,2.0,1.8571428571428568,7.485714285714286
318,1.2616666666666667,5707.0,-2.0,0.0,0.0,79.0,0.0,2973.0,-8064.0,-5.0,-3.75,-4.0,-76.0,-145.0,-50.0,-5.0,-1.2899999999999991,-103.0,0.0,-1.0,5.0,0.0,-2.0,3.0,0.0,11.0,2.0,-11.85714285714286,0.0,0.0,0.0,76.0,-2.0476190476190474,1.0
319,-1.2616666666666667,-5707.0,2.0,0.0,0.0,-79.0,0.0,-2973.0,8064.0,5.0,3.75,4.0,76.0,145.0,50.0,5.0,1.2899999999999991,103.0,0.0,1.0,-5.0,0.0,2.0,-3.0,0.0,-11.0,-2.0,11.85714285714286,0.0,0.0,0.0,-76.0,2.0476190476190474,-1.0
320,1.054000000000002,2249.0,-1.0,0.0,0.0,-22.0,0.0,-8360.0,-1226.0,2.0,0.5,-3.0,-21.0,-119.0,-22.0,-6.0,6.949999999999999,-159.0,0.0,0.0,2.0,0.0,0.0,-3.0,0.0,-3.0,-2.0,-5.833333333333329,0.0,0.0,0.0,4.0,0.5000000000000004,3.0
321,-1.054000000000002,-2249.0,1.0,0.0,0.0,22.0,0.0,8360.0,1226.0,-2.0,-0.5,3.0,21.0,119.0,22.0,6.0,-6.949999999999999,159.0,0.0,0.0,-2.0,0.0,0.0,3.0,0.0,3.0,2.0,5.833333333333329,0.0,0.0,0.0,-4.0,-0.5000000000000004,-3.0
322,-2.995000000000001,-6024.0,0.0,0.0,1.0,-75.0,2.0,16762.0,10117.0,2.0,-9.799999999999995,-1.0,51.0,82.0,47.0,2.0,1.5799999999999983,-273.0,0.0,-1.0,3.0,5.0,0.0,9.0,0.0,-6.0,-5.0,-9.75,0.0,-1.0,-2.0,-269.0,-5.5,-26.166666666666657
323,2.995000000000001,6024.0,0.0,0.0,-1.0,75.0,-2.0,-16762.0,-10117.0,-2.0,9.799999999999995,1.0,-51.0,-82.0,-47.0,-2.0,-1.5799999999999983,273.0,0.0,1.0,-3.0,-5.0,0.0,-9.0,0.0,6.0,5.0,9.75,0.0,1.0,2.0,269.0,5.5,26.166666666666657
324,-0.6485000000000021,-7531.0,0.0,0.0,0.0,-162.0,0.0,15823.0,8171.0,-3.0,-0.2000000000000028,-3.0,86.0,64.0,-33.0,-3.0,5.290000000000001,-452.0,-1.0,2.0,-5.0,0.0,0.0,6.0,0.0,0.0,1.0,-11.0,0.0,0.0,0.0,-136.0,-0.9333333333333332,-13.266666666666667
325,0.6485000000000021,7531.0,0.0,0.0,0.0,162.0,0.0,-15823.0,-8171.0,3.0,0.2000000000000028,3.0,-86.0,-64.0,33.0,3.0,-5.290000000000001,452.0,1.0,-2.0,5.0,0.0,0.0,-6.0,0.0,0.0,-1.0,11.0,0.0,0.0,0.0,136.0,0.9333333333333332,13.266666666666667
326,1.4949999999999974,11204.0,1.0,0.0,0.0,213.0,0.0,7606.0,-2091.0,1.0,9.416666666666664,-2.0,42.0,180.0,59.0,1.0,-6.050000000000001,190.0,0.0,3.0,-4.0,0.0,0.0,-10.0,0.0,8.0,2.0,4.433333333333323,0.0,0.0,0.0,153.0,3.6,24.53333333333334
327,-1.4949999999999974,-11204.0,-1.0,0.0,0.0,-213.0,0.0,-7606.0,2091.0,-1.0,-9.416666666666664,2.0,-42.0,-180.0,-59.0,-1.0,6.050000000000001,-190.0,0.0,-3.0,4.0,0.0,0.0,10.0,0.0,-8.0,-2.0,-4.433333333333323,0.0,0.0,0.0,-153.0,-3.6,-24.53333333333334
328,-0.064,-6278.0,0.0,0.0,0.0,-168.0,1.0,1286.0,5599.0,2.0,-4.899999999999999,-4.0,-37.0,-186.0,-118.0,-9.0,-5.969999999999999,-404.0,0.0,0.0,-10.0,3.0,0.0,2.0,0.0,0.0,1.0,-37.16666666666666,0.0,0.0,-1.0,-21.0,0.1666666666666667,-6.166666666666666
329,0.064,6278.0,0.0,0.0,0.0,168.0,-1.0,-1286.0,-5599.0,-2.0,4.899999999999999,4.0,37.0,186.0,118.0,9.0,5.969999999999999,404.0,0.0,0.0,10.0,-3.0,0.0,-2.0,0.0,0.0,-1.0,37.16666666666666,0.0,0.0,1.0,21.0,-0.1666666666666667,6.166666666666666
330,0.990000000000002,4648.0,0.0,0.0,2.0,89.0,1.0,13013.0,-1895.0,4.0,0.2666666666666657,-3.0,43.0,224.0,5.0,1.0,-0.1400000000000005,814.0,-1.0,-2.0,9.0,-1.0,0.0,-5.0,0.0,-4.0,2.0,-5.5,0.0,-3.0,-2.0,18.0,4.333333333333333,18.333333333333336
331,-0.990000000000002,-4648.0,0.0,0.0,-2.0,-89.0,-1.0,-13013.0,1895.0,-4.0,-0.2666666666666657,3.0,-43.0,-224.0,-5.0,-1.0,0.1400000000000005,-814.0,1.0,2.0,-9.0,1.0,0.0,5.0,0.0,4.0,-2.0,5.5,0.0,3.0,2.0,-18.0,-4.333333333333333,-18.333333333333336
332,0.5799999999999983,12743.0,0.0,0.0,0.0,200.0,0.0,-9128.0,-8785.0,0.0,3.0,1.0,-38.0,-44.0,45.0,0.0,11.7,1209.0,-1.0,-2.0,6.0,0.0,0.0,6.0,0.0,0.0,0.0,0.4000000000000057,0.0,0.0,0.0,173.0,2.4000000000000004,13.266666666666667
333,-0.5799999999999983,-12743.0,0.0,0.0,0.0,-200.0,0.0,9128.0,8785.0,0.0,-3.0,-1.0,38.0,44.0,-45.0,0.0,-11.7,-1209.0,1.0,2.0,-6.0,0.0,0.0,-6.0,0.0,0.0,0.0,-0.4000000000000057,0.0,0.0,0.0,-173.0,-2.4000000000000004,-13.266666666666667
334,0.1455000000000019,5760.0,-1.0,0.0,0.0,81.0,0.0,6244.0,3373.0,4.0,-2.6666666666666714,1.0,48.0,38.0,73.0,5.0,9.070000000000002,237.0,0.0,2.0,1.0,5.0,0.0,0.0,0.0,-4.0,-4.0,34.8,0.0,3.0,-3.0,-154.0,-4.8,-7.085714285714285
335,-0.1455000000000019,-5760.0,1.0,0.0,0.0,-81.0,0.0,-6244.0,-3373.0,-4.0,2.6666666666666714,-1.0,-48.0,-38.0,-73.0,-5.0,-9.070000000000002,-237.0,0.0,-2.0,-1.0,-5.0,0.0,0.0,0.0,4.0,4.0,-34.8,0.0,-3.0,3.0,154.0,4.8,7.085714285714285
336,-5.883000000000003,1094.0,2.0,0.0,0.0,66.0,0.0,-1260.0,2315.0,3.0,12.166666666666664,2.0,47.0,-101.0,73.0,4.0,8.679999999999998,208.0,0.0,0.0,-2.0,0.0,0.0,-10.0,0.0,0.0,1.0,13.833333333333329,0.0,0.0,0.0,-48.0,1.1666666666666663,-8.166666666666668
337,5.883000000000003,-1094.0,-2.0,0.0,0.0,-66.0,0.0,1260.0,-2315.0,-3.0,-12.166666666666664,-2.0,-47.0,101.0,-73.0,-4.0,-8.679999999999998,-208.0,0.0,0.0,2.0,0.0,0.0,10.0,0.0,0.0,-1.0,-13.833333333333329,0.0,0.0,0.0,48.0,-1.1666666666666663,8.166666666666668
338,2.3293333333333344,-2189.0,3.0,0.0,-1.0,-105.0,0.0,-10822.0,-2651.0,-2.0,2.0,-1.0,-48.0,-133.0,-25.0,-5.0,-4.719999999999999,-1233.0,0.0,3.0,-18.0,-4.0,0.0,-23.0,0.0,-1.0,1.0,-12.066666666666675,0.0,0.0,-1.0,149.0,6.566666666666666,18.5
339,-2.3293333333333344,2189.0,-3.0,0.0,1.0,105.0,0.0,10822.0,2651.0,2.0,-2.0,1.0,48.0,133.0,25.0,5.0,4.719999999999999,1233.0,0.0,-3.0,18.0,4.0,0.0,23.0,0.0,1.0,-1.0,12.066666666666675,0.0,0.0,1.0,-149.0,-6.566666666666666,-18.5
340,-0.221666666666664,7342.0,0.0,0.0,0.0,192.0,0.0,-7750.0,-173.0,1.0,6.333333333333329,0.0,18.0,150.0,58.0,1.0,5.260000000000002,1042.0,0.0,-3.0,18.0,0.0,1.0,6.0,0.0,3.0,1.0,8.299999999999997,0.0,0.0,0.0,184.0,4.733333333333334,19.9
341,0.221666666666664,-7342.0,0.0,0.0,0.0,-192.0,0.0,7750.0,173.0,-1.0,-6.333333333333329,0.0,-18.0,-150.0,-58.0,-1.0,-5.260000000000002,-1042.0,0.0,3.0,-18.0,0.0,-1.0,-6.0,0.0,-3.0,-1.0,-8.299999999999997,0.0,0.0,0.0,-184.0,-4.733333333333334,-19.9
342,1.025000000000002,8522.0,-1.0,0.0,0.0,195.0,0.0,8769.0,-2266.0,-1.0,7.733333333333334,-1.0,26.0,220.0,51.0,7.0,2.6999999999999997,-88.0,0.0,2.0,17.0,0.0,0.0,1.0,0.0,-3.0,0.0,10.666666666666671,0.0,0.0,0.0,-8.0,0.4166666666666665,13.25
343,-1.025000000000002,-8522.0,1.0,0.0,0.0,-195.0,0.0,-8769.0,2266.0,1.0,-7.733333333333334,1.0,-26.0,-220.0,-51.0,-7.0,-2.6999999999999997,88.0,0.0,-2.0,-17.0,0.0,0.0,-1.0,0.0,3.0,0.0,-10.666666666666671,0.0,0.0,0.0,8.0,-0.4166666666666665,-13.25
344,-0.1921428571428549,-10995.0,0.0,0.0,0.0,-87.0,0.0,-2983.0,-1849.0,0.0,3.666666666666672,2.0,-42.0,-43.0,-9.0,0.0,-2.27,-316.0,0.0,2.0,2.0,0.0,0.0,8.0,0.0,2.0,1.0,0.2000000000000028,0.0,0.0,0.0,99.0,-3.7,-10.9
345,0.1921428571428549,10995.0,0.0,0.0,0.0,87.0,0.0,2983.0,1849.0,0.0,-3.666666666666672,-2.0,42.0,43.0,9.0,0.0,2.27,316.0,0.0,-2.0,-2.0,0.0,0.0,-8.0,0.0,-2.0,-1.0,-0.2000000000000028,0.0,0.0,0.0,-99.0,3.7,10.9
346,-1.0749999999999955,-10184.0,0.0,0.0,1.0,-159.0,0.0,-20233.0,-6195.0,-9.0,2.0,-6.0,-90.0,-119.0,-167.0,-12.0,9.79,-252.0,-1.0,-1.0,-11.0,1.0,0.0,-3.0,0.0,16.0,3.0,-8.0,0.0,0.0,0.0,64.0,-0.9333333333333332,-0.7333333333333307
347,1.0749999999999955,10184.0,0.0,0.0,-1.0,159.0,0.0,20233.0,6195.0,9.0,-2.0,6.0,90.0,119.0,167.0,12.0,-9.79,252.0,1.0,1.0,11.0,-1.0,0.0,3.0,0.0,-16.0,-3.0,8.0,0.0,0.0,0.0,-64.0,0.9333333333333332,0.7333333333333307
348,0.9909999999999995,5094.0,0.0,0.0,0.0,39.0,0.0,8169.0,2752.0,3.0,-0.5,1.0,52.0,63.0,13.0,1.0,10.509999999999998,-49.0,0.0,-1.0,-4.0,0.0,0.0,-5.0,0.0,-3.0,0.0,11.433333333333325,0.0,0.0,0.0,-139.0,-2.5,-10.3
349,-0.9909999999999995,-5094.0,0.0,0.0,0.0,-39.0,0.0,-8169.0,-2752.0,-3.0,0.5,-1.0,-52.0,-63.0,-13.0,-1.0,-10.509999999999998,49.0,0.0,1.0,4.0,0.0,0.0,5.0,0.0,3.0,0.0,-11.433333333333325,0.0,0.0,0.0,139.0,2.5,10.3
350,0.5799999999999983,3843.0,1.0,0.0,0.0,121.0,0.0,-20521.0,-8006.0,-7.0,-7.0,-3.0,-112.0,-168.0,-46.0,-5.0,-6.050000000000001,-262.0,0.0,-1.0,19.0,0.0,0.0,16.0,0.0,6.0,1.0,-5.666666666666657,0.0,0.0,0.0,187.0,0.4999999999999998,4.5
351,-0.5799999999999983,-3843.0,-1.0,0.0,0.0,-121.0,0.0,20521.0,8006.0,7.0,7.0,3.0,112.0,168.0,46.0,5.0,6.050000000000001,262.0,0.0,1.0,-19.0,0.0,0.0,-16.0,0.0,-6.0,-1.0,5.666666666666657,0.0,0.0,0.0,-187.0,-0.4999999999999998,-4.5
352,1.254999999999999,10842.0,1.0,0.0,0.0,142.0,0.0,2956.0,-3664.0,-3.0,5.583333333333329,0.0,11.0,170.0,26.0,4.0,8.790000000000001,828.0,0.0,-4.0,-7.0,0.0,1.0,-18.0,0.0,-2.0,1.0,13.057142857142864,0.0,0.0,0.0,87.0,4.714285714285714,22.228571428571428
353,-1.254999999999999,-10842.0,-1.0,0.0,0.0,-142.0,0.0,-2956.0,3664.0,3.0,-5.583333333333329,0.0,-11.0,-170.0,-26.0,-4.0,-8.790000000000001,-828.0,0.0,4.0,7.0,0.0,-1.0,18.0,0.0,2.0,-1.0,-13.057142857142864,0.0,0.0,0.0,-87.0,-4.714285714285714,-22.228571428571428
354,0.8825000000000003,8140.0,0.0,0.0,0.0,175.0,3.0,-17115.0,-8349.0,0.0,6.400000000000006,-1.0,-68.0,-112.0,-14.0,-1.0,4.109999999999999,316.0,0.0,1.0,6.0,-1.0,0.0,3.0,0.0,0.0,1.0,-4.849999999999994,0.0,-2.0,0.0,163.0,3.7,18.65
355,-0.8825000000000003,-8140.0,0.0,0.0,0.0,-175.0,-3.0,17115.0,8349.0,0.0,-6.400000000000006,1.0,68.0,112.0,14.0,1.0,-4.109999999999999,-316.0,0.0,-1.0,-6.0,1.0,0.0,-3.0,0.0,0.0,-1.0,4.849999999999994,0.0,2.0,0.0,-163.0,-3.7,-18.65
356,2.4120000000000026,16716.0,2.0,0.0,0.0,440.0,0.0,7634.0,-3910.0,-1.0,11.25,4.0,23.0,215.0,32.0,6.0,-4.210000000000001,819.0,0.0,0.0,7.0,0.0,0.0,-2.0,0.0,11.0,2.0,10.114285714285714,0.0,0.0,0.0,85.0,1.2285714285714278,19.571428571428573
357,-2.4120000000000026,-16716.0,-2.0,0.0,0.0,-440.0,0.0,-7634.0,3910.0,1.0,-11.25,-4.0,-23.0,-215.0,-32.0,-6.0,4.210000000000001,-819.0,0.0,0.0,-7.0,0.0,0.0,2.0,0.0,-11.0,-2.0,-10.114285714285714,0.0,0.0,0.0,-85.0,-1.2285714285714278,-19.571428571428573
358,-0.1159999999999961,1184.0,-1.0,0.0,-2.0,28.0,-1.0,-5014.0,-3530.0,5.0,4.349999999999994,0.0,-3.0,-41.0,-9.0,5.0,-7.990000000000002,-28.0,0.0,3.0,-9.0,-5.0,0.0,-17.0,0.0,8.0,5.0,-1.7999999999999972,0.0,0.0,0.0,57.0,1.0499999999999998,3.3000000000000007
359,0.1159999999999961,-1184.0,1.0,0.0,2.0,-28.0,1.0,5014.0,3530.0,-5.0,-4.349999999999994,0.0,3.0,41.0,9.0,-5.0,7.990000000000002,28.0,0.0,-3.0,9.0,5.0,0.0,17.0,0.0,-8.0,-5.0,1.7999999999999972,0.0,0.0,0.0,-57.0,-1.0499999999999998,-3.3000000000000007
360,1.7420000000000009,-3954.0,0.0,0.0,0.0,-29.0,0.0,-4731.0,-327.0,2.0,-13.0,5.0,-34.0,-103.0,-22.0,4.0,5.789999999999999,351.0,0.0,-3.0,5.0,0.0,0.0,7.0,0.0,7.0,4.0,3.0999999999999943,0.0,0.0,0.0,34.0,3.85,3.8000000000000007
361,-1.7420000000000009,3954.0,0.0,0.0,0.0,29.0,0.0,4731.0,327.0,-2.0,13.0,-5.0,34.0,103.0,22.0,-4.0,-5.789999999999999,-351.0,0.0,3.0,-5.0,0.0,0.0,-7.0,0.0,-7.0,-4.0,-3.0999999999999943,0.0,0.0,0.0,-34.0,-3.85,-3.8000000000000007
362,-1.682500000000001,3673.0,2.0,0.0,0.0,140.0,0.0,15461.0,4920.0,2.0,6.0,3.0,67.0,156.0,85.0,10.0,8.14,281.0,0.0,0.0,12.0,0.0,0.0,0.0,0.0,-2.0,-1.0,0.7714285714285722,0.0,0.0,0.0,-57.0,6.514285714285715,10.742857142857144
363,1.682500000000001,-3673.0,-2.0,0.0,0.0,-140.0,0.0,-15461.0,-4920.0,-2.0,-6.0,-3.0,-67.0,-156.0,-85.0,-10.0,-8.14,-281.0,0.0,0.0,-12.0,0.0,0.0,0.0,0.0,2.0,1.0,-0.7714285714285722,0.0,0.0,0.0,57.0,-6.514285714285715,-10.742857142857144
364,0.62916666666667,7585.0,2.0,0.0,0.0,164.0,0.0,-6249.0,-6318.0,-3.0,8.333333333333329,-1.0,-10.0,50.0,-16.0,-2.0,3.5599999999999987,917.0,0.0,-1.0,6.0,0.0,0.0,5.0,0.0,-2.0,0.0,5.0,0.0,0.0,0.0,118.0,1.7999999999999998,9.5
365,-0.62916666666667,-7585.0,-2.0,0.0,0.0,-164.0,0.0,6249.0,6318.0,3.0,-8.333333333333329,1.0,10.0,-50.0,16.0,2.0,-3.5599999999999987,-917.0,0.0,1.0,-6.0,0.0,0.0,-5.0,0.0,2.0,0.0,-5.0,0.0,0.0,0.0,-118.0,-1.7999999999999998,-9.5
366,-1.5986666666666665,-5952.0,0.0,0.0,0.0,-99.0,0.0,-3004.0,-1210.0,-8.0,-0.3333333333333286,0.0,0.0,-80.0,-19.0,-3.0,2.5600000000000023,-1225.0,0.0,4.0,-27.0,0.0,0.0,-18.0,0.0,1.0,2.0,0.6666666666666714,0.0,0.0,0.0,28.0,-5.333333333333333,-13.166666666666666
367,1.5986666666666665,5952.0,0.0,0.0,0.0,99.0,0.0,3004.0,1210.0,8.0,0.3333333333333286,0.0,0.0,80.0,19.0,3.0,-2.5600000000000023,1225.0,0.0,-4.0,27.0,0.0,0.0,18.0,0.0,-1.0,-2.0,-0.6666666666666714,0.0,0.0,0.0,-28.0,5.333333333333333,13.166666666666666
368,2.2849999999999966,5301.0,-1.0,0.0,0.0,71.0,1.0,6510.0,-393.0,-3.0,0.9500000000000028,1.0,29.0,17.0,69.0,3.0,-7.99,591.0,0.0,-1.0,5.0,4.0,0.0,12.0,0.0,-1.0,-2.0,18.5,0.0,0.0,1.0,-87.0,1.3333333333333337,-1.666666666666668
369,-2.2849999999999966,-5301.0,1.0,0.0,0.0,-71.0,-1.0,-6510.0,393.0,3.0,-0.9500000000000028,-1.0,-29.0,-17.0,-69.0,-3.0,7.99,-591.0,0.0,1.0,-5.0,-4.0,0.0,-12.0,0.0,1.0,2.0,-18.5,0.0,0.0,-1.0,87.0,-1.3333333333333337,1.666666666666668
370,-1.7714999999999996,524.0,0.0,0.0,0.0,-77.0,0.0,-11445.0,-3963.0,4.0,16.5,-4.0,-64.0,-183.0,-60.0,-10.0,-7.059999999999999,-279.0,0.0,1.0,10.0,0.0,1.0,22.0,0.0,-1.0,-2.0,6.399999999999992,0.0,0.0,0.0,-89.0,-4.8,-15.000000000000002
371,1.7714999999999996,-524.0,0.0,0.0,0.0,77.0,0.0,11445.0,3963.0,-4.0,-16.5,4.0,64.0,183.0,60.0,10.0,7.059999999999999,279.0,0.0,-1.0,-10.0,0.0,-1.0,-22.0,0.0,1.0,2.0,-6.399999999999992,0.0,0.0,0.0,89.0,4.8,15.000000000000002
372,0.682500000000001,8870.0,0.0,0.0,0.0,158.0,4.0,27342.0,4452.0,2.0,5.25,0.0,98.0,143.0,84.0,8.0,-0.610000000000003,971.0,1.0,-2.0,14.0,4.0,0.0,13.0,0.0,4.0,-4.0,19.25,0.0,2.0,-2.0,-223.0,-2.375,-6.0
373,-0.682500000000001,-8870.0,0.0,0.0,0.0,-158.0,-4.0,-27342.0,-4452.0,-2.0,-5.25,0.0,-98.0,-143.0,-84.0,-8.0,0.610000000000003,-971.0,-1.0,2.0,-14.0,-4.0,0.0,-13.0,0.0,-4.0,4.0,-19.25,0.0,-2.0,2.0,223.0,2.375,6.0
374,1.4399999999999975,6923.0,1.0,0.0,0.0,121.0,0.0,245.0,-1827.0,1.0,-4.666666666666671,-2.0,3.0,32.0,6.0,0.0,-0.3599999999999994,710.0,0.0,-3.0,1.0,0.0,0.0,8.0,0.0,1.0,0.0,-4.5,0.0,0.0,0.0,44.0,9.5,8.25
375,-1.4399999999999975,-6923.0,-1.0,0.0,0.0,-121.0,0.0,-245.0,1827.0,-1.0,4.666666666666671,2.0,-3.0,-32.0,-6.0,0.0,0.3599999999999994,-710.0,0.0,3.0,-1.0,0.0,0.0,-8.0,0.0,-1.0,0.0,4.5,0.0,0.0,0.0,-44.0,-9.5,-8.25
376,-0.442499999999999,616.0,-1.0,0.0,1.0,131.0,2.0,-6797.0,-6518.0,-4.0,3.1666666666666714,-1.0,-60.0,98.0,5.0,-9.0,5.909999999999998,-12.0,0.0,0.0,8.0,1.0,0.0,1.0,0.0,-4.0,0.0,-7.466666666666669,0.0,2.0,1.0,128.0,1.333333333333333,12.566666666666668
377,0.442499999999999,-616.0,1.0,0.0,-1.0,-131.0,-2.0,6797.0,6518.0,4.0,-3.1666666666666714,1.0,60.0,-98.0,-5.0,9.0,-5.909999999999998,12.0,0.0,0.0,-8.0,-1.0,0.0,-1.0,0.0,4.0,0.0,7.466666666666669,0.0,-2.0,-1.0,-128.0,-1.333333333333333,-12.566666666666668
378,-1.3183333333333316,102.0,-1.0,0.0,0.0,-1.0,-1.0,11310.0,1658.0,-2.0,0.0,6.0,89.0,-30.0,50.0,12.0,-6.300000000000001,-283.0,-2.0,5.0,6.0,-5.0,0.0,-9.0,0.0,0.0,1.0,-19.75,0.0,0.0,-1.0,7.0,-4.0,-2.0
379,1.3183333333333316,-102.0,1.0,0.0,0.0,1.0,1.0,-11310.0,-1658.0,2.0,0.0,-6.0,-89.0,30.0,-50.0,-12.0,6.300000000000001,283.0,2.0,-5.0,-6.0,5.0,0.0,9.0,0.0,0.0,-1.0,19.75,0.0,0.0,1.0,-7.0,4.0,2.0
380,-0.9960000000000022,-5528.0,0.0,0.0,0.0,-228.0,0.0,-875.0,-231.0,-3.0,5.0,0.0,6.0,-60.0,15.0,-1.0,1.370000000000001,-400.0,0.0,2.0,15.0,0.0,0.0,19.0,0.0,-1.0,-1.0,5.900000000000006,0.0,0.0,0.0,-65.0,-2.8,-22.15
381,0.9960000000000022,5528.0,0.0,0.0,0.0,228.0,0.0,875.0,231.0,3.0,-5.0,0.0,-6.0,60.0,-15.0,1.0,-1.370000000000001,400.0,0.0,-2.0,-15.0,0.0,0.0,-19.0,0.0,1.0,1.0,-5.900000000000006,0.0,0.0,0.0,65.0,2.8,22.15
382,0.567499999999999,6069.0,0.0,0.0,0.0,116.0,0.0,1651.0,-4819.0,0.0,0.2999999999999971,-2.0,33.0,157.0,20.0,0.0,1.5500000000000007,183.0,0.0,3.0,-6.0,2.0,0.0,-13.0,0.0,2.0,-1.0,6.133333333333326,0.0,2.0,2.0,-27.0,-0.1333333333333333,8.4
383,-0.567499999999999,-6069.0,0.0,0.0,0.0,-116.0,0.0,-1651.0,4819.0,0.0,-0.2999999999999971,2.0,-33.0,-157.0,-20.0,0.0,-1.5500000000000007,-183.0,0.0,-3.0,6.0,-2.0,0.0,13.0,0.0,-2.0,1.0,-6.133333333333326,0.0,-2.0,-2.0,27.0,0.1333333333333333,-8.4
